#{"t_start": 1753632985.960206, "env_id": "None"}
r,l,t
-36.0,30,1.949271
-48.0,30,1.979306
-45.0,30,2.007891
71.0,10,2.017639
-30.0,30,2.178124
-39.0,30,2.201191
73.0,22,2.219201
-19.0,30,2.243075
-48.0,30,2.265012
79.0,7,2.270629
55.0,7,2.276541
57.0,2,2.376759
74.0,12,2.386942
72.0,30,2.411052
59.0,19,2.427119
70.0,19,2.442926
-39.0,30,2.469102
57.0,2,2.471188
62.0,17,2.573757
-10.0,30,2.59537
75.0,6,2.600106
56.0,20,2.615659
59.0,11,2.625081
-19.0,30,2.645117
-48.0,30,2.741272
-28.0,30,2.761221
73.0,5,2.764499
62.0,8,2.770106
21.0,30,2.790767
42.0,20,2.805665
32.0,30,2.826147
50.0,1,2.826976
53.0,12,2.932673
50.0,1,2.9337
68.0,5,2.937782
73.0,5,2.941734
58.0,4,2.944895
52.0,13,2.955957
60.0,8,2.972051
60.0,5,2.975991
44.0,18,2.99055
61.0,12,2.998106
49.0,13,3.008243
49.0,16,3.021697
74.0,7,3.027567
73.0,17,3.135423
59.0,6,3.140692
50.0,1,3.14168
52.0,10,3.151199
-48.0,30,3.179153
53.0,12,3.189773
-48.0,30,3.214475
60.0,13,3.225358
65.0,19,3.239559
68.0,10,3.328924
59.0,6,3.333655
-48.0,30,3.354162
58.0,15,3.36425
54.0,8,3.369788
72.0,6,3.374789
69.0,15,3.386474
53.0,9,3.392361
57.0,5,3.395536
-48.0,30,3.509234
78.0,5,3.513115
79.0,7,3.519139
64.0,9,3.526989
46.0,16,3.538651
65.0,8,3.544081
57.0,2,3.545449
70.0,11,3.553187
60.0,5,3.556501
70.0,6,3.561464
57.0,2,3.562891
66.0,4,3.565646
45.0,28,3.589896
55.0,7,3.594828
55.0,7,3.599422
49.0,13,3.691781
47.0,23,3.706661
74.0,16,3.717281
-48.0,30,3.74135
57.0,8,3.747791
58.0,7,3.753367
69.0,7,3.758835
55.0,7,3.764206
59.0,6,3.769275
39.0,23,3.878136
58.0,4,3.881327
60.0,5,3.885432
53.0,9,3.892489
54.0,8,3.898615
56.0,6,3.903501
46.0,19,3.917918
59.0,3,3.920455
51.0,14,3.930853
56.0,9,3.938063
54.0,8,3.943134
59.0,11,3.950635
56.0,6,3.954599
60.0,18,3.965965
52.0,16,4.064325
80.0,6,4.069213
56.0,6,4.074012
59.0,3,4.076501
55.0,7,4.08217
64.0,3,4.085103
58.0,4,4.087814
50.0,1,4.088553
50.0,1,4.089556
61.0,12,4.09938
59.0,3,4.102055
56.0,6,4.106657
50.0,1,4.107525
57.0,5,4.111344
66.0,7,4.11665
58.0,7,4.122255
60.0,5,4.1261
55.0,7,4.131365
57.0,11,4.139975
57.0,5,4.144014
58.0,7,4.149465
60.0,5,4.153645
76.0,12,4.248811
55.0,7,4.255663
65.0,5,4.258989
83.0,9,4.265011
45.0,17,4.277111
54.0,14,4.287062
53.0,9,4.294602
66.0,4,4.297309
55.0,7,4.303105
76.0,13,4.313624
57.0,2,4.315351
52.0,10,4.323152
66.0,4,4.326293
65.0,8,4.332409
57.0,2,4.334101
58.0,4,4.337475
40.0,22,4.438534
80.0,12,4.446361
61.0,15,4.456819
62.0,6,4.460665
50.0,12,4.469564
60.0,5,4.472793
58.0,4,4.475348
47.0,15,4.486094
49.0,16,4.496081
44.0,18,4.507686
57.0,5,4.511668
50.0,1,4.51243
68.0,8,4.597494
71.0,7,4.602703
79.0,7,4.607186
68.0,8,4.612211
57.0,5,4.61544
52.0,10,4.624008
58.0,4,4.626652
57.0,5,4.629849
53.0,9,4.636505
55.0,10,4.644047
71.0,7,4.649989
38.0,24,4.666297
59.0,3,4.668851
56.0,9,4.675677
72.0,7,4.681369
58.0,4,4.685104
57.0,2,4.768375
56.0,6,4.773319
96.0,9,4.779032
56.0,6,4.783281
71.0,13,4.791916
72.0,6,4.795718
53.0,9,4.801939
65.0,5,4.805211
50.0,12,4.814409
59.0,6,4.819093
60.0,8,4.825267
45.0,17,4.836696
62.0,11,4.843925
65.0,11,4.851088
59.0,9,4.948237
58.0,7,4.953976
-48.0,30,4.97496
47.0,15,4.986089
65.0,8,4.992216
-48.0,30,5.014529
64.0,3,5.016572
78.0,5,5.02064
57.0,2,5.022326
59.0,3,5.024685
66.0,4,5.027699
57.0,8,5.032873
59.0,3,5.035284
59.0,3,5.037337
64.0,9,5.133176
61.0,4,5.137322
53.0,9,5.145954
50.0,1,5.146918
56.0,9,5.154417
57.0,5,5.158472
47.0,15,5.171316
57.0,5,5.176976
55.0,7,5.184483
51.0,11,5.19688
44.0,21,5.218084
59.0,3,5.222117
62.0,8,5.229992
78.0,5,5.234531
54.0,8,5.240818
93.0,9,5.247636
50.0,1,5.248475
53.0,9,5.342045
53.0,9,5.348969
57.0,2,5.350802
94.0,8,5.356849
59.0,3,5.358858
63.0,5,5.36203
58.0,7,5.366895
77.0,9,5.373043
55.0,7,5.377438
54.0,8,5.38277
59.0,3,5.38526
57.0,5,5.389736
64.0,3,5.392231
57.0,5,5.395454
64.0,3,5.397398
61.0,4,5.40057
25.0,28,5.421494
61.0,4,5.424097
64.0,7,5.428481
70.0,16,5.532837
57.0,5,5.537776
57.0,8,5.543901
55.0,7,5.54871
54.0,8,5.555363
50.0,1,5.556242
53.0,9,5.562647
70.0,9,5.569589
74.0,7,5.575513
59.0,3,5.578541
55.0,7,5.583202
57.0,5,5.587472
72.0,6,5.592026
70.0,11,5.601061
58.0,7,5.607207
56.0,9,5.614121
61.0,7,5.618726
65.0,8,5.713276
71.0,10,5.721159
87.0,7,5.726623
51.0,11,5.735573
51.0,23,5.753546
64.0,3,5.756091
-37.0,30,5.779443
46.0,19,5.795258
57.0,5,5.798658
58.0,4,5.802057
58.0,4,5.805235
57.0,5,5.810055
67.0,9,5.929179
61.0,4,5.932625
50.0,1,5.933584
53.0,9,5.941571
47.0,23,5.959471
55.0,15,5.970794
72.0,6,5.976557
57.0,2,5.978304
58.0,4,5.981614
64.0,17,5.995812
53.0,9,6.002834
57.0,5,6.008258
64.0,3,6.010877
52.0,10,6.018775
70.0,8,6.026448
55.0,7,6.032595
68.0,5,6.147237
89.0,11,6.155019
55.0,7,6.160426
74.0,10,6.167537
61.0,4,6.170603
57.0,2,6.172362
65.0,8,6.179615
61.0,15,6.191728
57.0,8,6.199082
87.0,13,6.209246
-48.0,30,6.232446
57.0,5,6.236281
-48.0,30,6.350451
58.0,4,6.353137
56.0,6,6.356923
50.0,1,6.357656
63.0,7,6.362791
59.0,9,6.368701
58.0,4,6.371388
57.0,5,6.37517
54.0,11,6.383632
59.0,3,6.386048
59.0,6,6.391222
59.0,3,6.393842
64.0,3,6.39623
58.0,4,6.399381
56.0,6,6.404
60.0,8,6.41029
59.0,12,6.418144
66.0,4,6.421162
56.0,6,6.426452
66.0,4,6.430065
54.0,8,6.544189
57.0,5,6.548893
66.0,4,6.552146
74.0,7,6.557578
64.0,14,6.568314
62.0,8,6.574517
59.0,3,6.576902
60.0,5,6.580927
68.0,5,6.584939
66.0,7,6.590281
52.0,13,6.600275
-48.0,30,6.623734
72.0,9,6.63183
59.0,3,6.63462
59.0,3,6.637118
74.0,7,6.642559
78.0,8,6.738595
50.0,1,6.739868
80.0,9,6.749453
49.0,13,6.760606
50.0,1,6.761731
50.0,1,6.762806
57.0,8,6.768863
64.0,3,6.771439
67.0,10,6.77899
58.0,4,6.782643
59.0,6,6.787418
63.0,5,6.791338
74.0,8,6.79808
59.0,6,6.802882
52.0,10,6.810486
57.0,2,6.812103
68.0,10,6.820069
49.0,13,6.830049
59.0,6,6.834752
72.0,6,6.939331
69.0,9,6.946565
55.0,7,6.952243
68.0,8,6.958405
55.0,10,6.966203
59.0,3,6.968599
54.0,8,6.974704
59.0,3,6.977167
59.0,3,6.980915
54.0,8,6.987193
59.0,3,6.989557
59.0,6,6.995081
49.0,13,7.00491
29.0,29,7.026859
56.0,6,7.031461
24.0,29,7.149309
51.0,11,7.158238
64.0,6,7.162907
57.0,2,7.164656
57.0,2,7.166335
57.0,2,7.167966
57.0,2,7.169586
56.0,6,7.174131
64.0,6,7.178685
59.0,11,7.18795
101.0,9,7.194871
68.0,5,7.199199
69.0,9,7.205203
50.0,1,7.205932
38.0,24,7.223733
65.0,6,7.228627
55.0,7,7.234192
55.0,7,7.326045
57.0,5,7.33003
59.0,3,7.332498
79.0,10,7.340158
73.0,5,7.343553
50.0,1,7.344378
58.0,4,7.347701
64.0,3,7.350194
43.0,22,7.368822
63.0,7,7.374013
66.0,4,7.376608
50.0,12,7.38572
59.0,3,7.388301
62.0,6,7.393038
50.0,1,7.39397
56.0,6,7.398679
73.0,5,7.402116
92.0,10,7.409921
52.0,10,7.417686
58.0,4,7.421047
61.0,9,7.513585
110.0,21,7.527719
56.0,6,7.53245
53.0,9,7.539518
215.0,28,7.55929
71.0,11,7.567088
121.0,16,7.578379
50.0,1,7.579624
55.0,7,7.585056
57.0,5,7.588594
82.0,7,7.594421
84.0,10,7.696632
56.0,9,7.704224
55.0,7,7.708822
89.0,8,7.715189
184.0,22,7.731265
41.0,21,7.747522
91.0,15,7.759871
80.0,9,7.767111
74.0,17,7.778761
105.0,13,7.789797
72.0,7,7.895429
50.0,1,7.896492
74.0,15,7.908393
60.0,5,7.91168
56.0,6,7.916386
55.0,7,7.921025
120.0,16,7.934627
53.0,9,7.942649
67.0,27,7.963534
48.0,14,7.973037
68.0,8,7.97818
51.0,11,7.985906
107.0,15,8.076397
57.0,5,8.080268
114.0,20,8.094524
42.0,20,8.108444
42.0,20,8.123064
78.0,5,8.126348
96.0,9,8.133492
189.0,26,8.151524
57.0,5,8.155445
75.0,10,8.163901
57.0,2,8.247959
78.0,8,8.25443
57.0,5,8.258194
156.0,26,8.275518
55.0,10,8.282934
58.0,7,8.28751
142.0,19,8.300546
92.0,7,8.306091
59.0,3,8.308711
93.0,9,8.316511
64.0,3,8.319286
59.0,3,8.322026
114.0,18,8.336066
58.0,4,8.339452
58.0,4,8.342106
58.0,4,8.438369
52.0,18,8.453096
63.0,30,8.475908
55.0,7,8.48183
50.0,1,8.482867
55.0,7,8.488518
41.0,21,8.505519
-48.0,30,8.528584
50.0,1,8.529577
37.0,25,8.659691
27.0,30,8.68354
108.0,10,8.691063
132.0,20,8.705638
77.0,12,8.713359
76.0,30,8.73623
79.0,8,8.741455
50.0,1,8.742217
42.0,23,8.846341
85.0,6,8.851812
58.0,4,8.854473
50.0,12,8.863625
89.0,11,8.871439
52.0,10,8.879106
55.0,7,8.884495
58.0,4,8.887602
93.0,9,8.893947
141.0,14,8.902985
74.0,7,8.910644
59.0,3,8.91405
58.0,4,8.918566
16.0,30,9.03036
29.0,27,9.051616
163.0,30,9.073357
89.0,8,9.07988
61.0,4,9.084309
84.0,19,9.099668
172.0,28,9.223825
37.0,27,9.245355
62.0,6,9.250364
50.0,1,9.251392
62.0,6,9.255865
49.0,13,9.264787
60.0,5,9.268973
45.0,25,9.288387
127.0,12,9.297543
53.0,9,9.30479
171.0,30,9.416679
131.0,30,9.439697
58.0,7,9.444455
124.0,30,9.464322
42.0,23,9.480511
29.0,29,9.501184
56.0,14,9.590059
46.0,16,9.600621
85.0,6,9.60527
59.0,9,9.61101
171.0,30,9.630745
40.0,22,9.648839
65.0,5,9.653066
85.0,6,9.657127
200.0,28,9.756351
59.0,3,9.758491
53.0,9,9.764301
58.0,7,9.769497
184.0,30,9.789376
81.0,14,9.798391
213.0,27,9.816849
64.0,3,9.819618
55.0,7,9.82562
-33.0,30,9.943813
144.0,30,9.966961
42.0,20,9.981986
37.0,25,9.999844
138.0,18,10.011768
58.0,4,10.014362
121.0,23,10.115187
51.0,11,10.12421
66.0,7,10.129598
124.0,19,10.142891
208.0,27,10.160418
53.0,9,10.166677
50.0,1,10.167608
115.0,14,10.176429
63.0,5,10.180035
69.0,14,10.189547
59.0,3,10.191525
90.0,12,10.199124
58.0,4,10.20225
121.0,25,10.302195
45.0,17,10.312881
50.0,1,10.313602
66.0,13,10.323311
59.0,6,10.327904
58.0,12,10.337252
6.0,30,10.360545
50.0,1,10.361328
62.0,30,10.466603
158.0,30,10.488921
154.0,18,10.50248
59.0,3,10.504943
101.0,9,10.511336
57.0,8,10.516789
60.0,11,10.525796
108.0,13,10.535717
60.0,5,10.538944
57.0,2,10.540458
71.0,4,10.543641
73.0,16,10.554505
56.0,6,10.645941
151.0,18,10.659805
44.0,18,10.673058
155.0,30,10.694072
56.0,6,10.698893
169.0,30,10.721516
52.0,13,10.731123
155.0,30,10.826291
147.0,30,10.849705
54.0,11,10.859259
63.0,10,10.867167
141.0,17,10.880563
-39.0,30,10.903609
55.0,7,10.909725
112.0,14,11.004462
53.0,9,11.010199
64.0,14,11.02006
82.0,10,11.027635
52.0,10,11.035267
50.0,1,11.036171
192.0,30,11.056878
77.0,12,11.065164
50.0,15,11.074896
50.0,1,11.075624
67.0,6,11.079777
84.0,10,11.165944
142.0,30,11.188155
226.0,27,11.206922
66.0,13,11.21509
65.0,5,11.21854
70.0,8,11.223682
57.0,2,11.225022
56.0,6,11.228797
59.0,6,11.232644
63.0,8,11.239089
72.0,6,11.243057
59.0,6,11.246921
55.0,13,11.3403
212.0,30,11.364303
63.0,8,11.370855
85.0,10,11.377272
56.0,6,11.382114
106.0,15,11.392688
31.0,28,11.413668
125.0,19,11.427977
106.0,9,11.513107
127.0,12,11.522829
57.0,5,11.526798
50.0,1,11.527704
74.0,7,11.53307
169.0,30,11.553451
179.0,29,11.573642
56.0,12,11.581306
57.0,11,11.589612
52.0,10,11.597197
171.0,30,11.702782
178.0,20,11.718017
58.0,12,11.72706
51.0,11,11.735799
85.0,11,11.74447
102.0,21,11.760778
72.0,6,11.765514
153.0,30,11.8787
31.0,28,11.899705
54.0,11,11.909803
69.0,14,11.923029
72.0,15,11.933041
187.0,30,11.957512
120.0,11,11.964579
59.0,26,12.060919
18.0,30,12.080204
58.0,13,12.088955
174.0,30,12.109835
78.0,18,12.124129
61.0,7,12.129195
88.0,9,12.135455
77.0,13,12.224215
85.0,18,12.238295
149.0,17,12.251274
120.0,14,12.262081
5.0,30,12.284889
169.0,21,12.30078
72.0,11,12.309089
57.0,5,12.312992
50.0,1,12.313753
50.0,1,12.31448
164.0,30,12.422112
157.0,30,12.445781
192.0,30,12.468649
171.0,30,12.48917
179.0,30,12.597055
69.0,7,12.60266
192.0,30,12.62528
79.0,13,12.635395
76.0,27,12.656212
187.0,27,12.676436
58.0,4,12.679075
82.0,25,12.782133
60.0,8,12.788776
65.0,5,12.792679
73.0,23,12.810986
3.0,30,12.831228
79.0,15,12.841199
65.0,14,12.850749
85.0,15,12.946796
57.0,11,12.955166
47.0,15,12.967937
106.0,9,12.974427
56.0,6,12.979056
159.0,30,13.002334
106.0,30,13.024842
54.0,11,13.033798
101.0,9,13.040176
50.0,1,13.040917
66.0,7,13.12909
192.0,30,13.151218
59.0,18,13.163384
190.0,24,13.182698
157.0,17,13.197248
70.0,10,13.205052
65.0,21,13.222118
27.0,30,13.345967
67.0,9,13.353184
208.0,25,13.372123
71.0,9,13.37895
54.0,16,13.391218
67.0,12,13.400408
50.0,1,13.401392
24.0,30,13.422815
74.0,8,13.504474
179.0,30,13.525526
66.0,11,13.534905
59.0,6,13.538857
69.0,19,13.551112
122.0,30,13.570287
124.0,13,13.580403
75.0,17,13.681731
88.0,21,13.698041
64.0,10,13.705879
68.0,24,13.724055
57.0,20,13.738796
103.0,25,13.756978
50.0,1,13.757877
89.0,18,13.771731
107.0,25,13.866357
57.0,5,13.869985
192.0,30,13.890612
123.0,20,13.904948
110.0,21,13.930425
24.0,30,13.954984
72.0,7,14.03746
70.0,10,14.045119
54.0,8,14.051636
94.0,30,14.071532
221.0,27,14.089635
171.0,30,14.111435
87.0,22,14.209152
87.0,10,14.21701
79.0,14,14.227713
36.0,30,14.252153
78.0,27,14.273481
88.0,16,14.285459
57.0,17,14.296568
71.0,10,14.303533
104.0,26,14.406357
107.0,20,14.422268
156.0,30,14.446394
66.0,10,14.454252
69.0,7,14.459633
50.0,1,14.46051
54.0,8,14.466568
146.0,18,14.48049
116.0,17,14.576861
66.0,30,14.597554
75.0,13,14.608657
30.0,30,14.629684
17.0,30,14.652997
67.0,22,14.754046
-21.0,30,14.775872
15.0,30,14.795016
57.0,13,14.804691
76.0,30,14.824359
107.0,29,14.937676
100.0,19,14.952414
155.0,30,14.972382
192.0,30,14.992914
148.0,23,15.010339
90.0,18,15.104153
21.0,30,15.124203
179.0,30,15.143708
90.0,15,15.153927
30.0,30,15.173541
27.0,30,15.282612
84.0,30,15.305783
73.0,19,15.320127
87.0,25,15.3367
21.0,30,15.358578
187.0,30,15.461407
192.0,30,15.484422
105.0,16,15.494892
72.0,17,15.506446
176.0,19,15.519355
177.0,30,15.538686
77.0,23,15.638262
192.0,30,15.658826
60.0,5,15.662127
169.0,30,15.681873
147.0,30,15.702384
72.0,20,15.798664
85.0,13,15.807533
62.0,12,15.815884
80.0,30,15.837622
62.0,6,15.841578
66.0,13,15.851257
93.0,30,15.875358
64.0,14,15.886652
74.0,12,15.986952
106.0,9,15.99388
59.0,17,16.005998
-6.0,30,16.026653
187.0,30,16.048076
77.0,9,16.055644
192.0,30,16.16406
71.0,4,16.167044
179.0,30,16.187684
129.0,19,16.202095
62.0,11,16.210403
108.0,10,16.218056
82.0,12,16.226572
119.0,13,16.236027
103.0,26,16.334635
79.0,7,16.340089
97.0,14,16.349736
122.0,15,16.359427
90.0,15,16.370277
187.0,30,16.392527
62.0,9,16.398546
65.0,5,16.40252
69.0,30,16.514724
171.0,30,16.539047
103.0,25,16.556252
230.0,28,16.575835
61.0,4,16.579327
156.0,27,16.601071
59.0,11,16.609562
72.0,14,16.704588
25.0,30,16.726263
101.0,9,16.733381
-39.0,30,16.756728
100.0,20,16.771204
57.0,2,16.773223
58.0,24,16.793262
50.0,30,16.910254
52.0,30,16.935921
64.0,3,16.938197
192.0,30,16.959803
15.0,30,16.983385
179.0,30,17.101654
77.0,15,17.113672
58.0,4,17.116964
163.0,30,17.145635
177.0,30,17.172049
71.0,8,17.180549
108.0,30,17.331146
68.0,10,17.3389
83.0,17,17.352925
69.0,17,17.36569
18.0,30,17.386883
102.0,19,17.402697
82.0,22,17.519661
86.0,12,17.529913
70.0,6,17.534534
71.0,15,17.547692
67.0,12,17.557967
192.0,30,17.591281
161.0,30,17.62862
69.0,11,17.652017
101.0,25,17.784588
52.0,30,17.807481
93.0,10,17.8153
67.0,30,17.839254
99.0,13,17.850174
187.0,30,17.87614
59.0,30,17.997232
84.0,15,18.008734
75.0,14,18.023983
95.0,24,18.04227
100.0,28,18.063555
75.0,12,18.073013
72.0,13,18.18216
150.0,16,18.194311
75.0,30,18.218381
56.0,30,18.242223
71.0,7,18.24783
92.0,15,18.259368
80.0,6,18.264365
75.0,13,18.274208
118.0,14,18.381217
50.0,30,18.40419
132.0,28,18.425941
12.0,30,18.44934
30.0,30,18.471974
53.0,30,18.583619
96.0,30,18.604202
60.0,23,18.621875
229.0,29,18.64307
75.0,18,18.743443
53.0,30,18.766673
71.0,30,18.786308
54.0,11,18.793272
187.0,30,18.815685
102.0,30,18.938659
106.0,15,18.951254
64.0,30,18.973884
182.0,30,18.997375
50.0,1,18.998581
229.0,29,19.022458
129.0,21,19.130773
131.0,30,19.156127
43.0,19,19.170976
59.0,3,19.173081
163.0,30,19.194706
91.0,9,19.200771
83.0,9,19.206445
174.0,30,19.349897
81.0,13,19.361667
67.0,12,19.373005
73.0,17,19.384427
66.0,10,19.390706
57.0,2,19.392058
52.0,10,19.398613
187.0,30,19.420719
179.0,30,19.566229
150.0,16,19.577642
53.0,12,19.587307
192.0,30,19.611698
103.0,18,19.627037
67.0,9,19.634891
187.0,30,19.6594
192.0,30,19.778055
65.0,6,19.782794
43.0,30,19.807353
158.0,20,19.824314
113.0,10,19.832884
50.0,1,19.833969
85.0,6,19.840627
124.0,25,19.862682
89.0,28,19.9989
118.0,30,20.02161
131.0,30,20.044483
55.0,7,20.049902
77.0,27,20.07024
93.0,30,20.180159
110.0,11,20.188075
182.0,30,20.211077
82.0,30,20.234928
217.0,28,20.257116
128.0,27,20.367657
99.0,30,20.390491
113.0,10,20.398547
166.0,22,20.415415
58.0,30,20.434903
92.0,7,20.439536
102.0,20,20.527351
95.0,30,20.548909
-48.0,30,20.57187
164.0,30,20.594409
151.0,30,20.619503
147.0,30,20.810811
198.0,25,20.830052
133.0,29,20.853586
61.0,30,20.877567
192.0,30,20.983099
143.0,30,21.005929
85.0,6,21.009789
43.0,30,21.032474
59.0,22,21.050021
147.0,30,21.072239
129.0,30,21.182318
187.0,30,21.202292
116.0,22,21.218522
-15.0,30,21.237548
-48.0,30,21.349834
130.0,23,21.370056
234.0,29,21.393213
120.0,17,21.408156
120.0,11,21.415982
-48.0,30,21.437105
142.0,16,21.550653
119.0,30,21.572538
157.0,30,21.595811
132.0,30,21.617814
154.0,20,21.63155
201.0,24,21.742854
79.0,7,21.748006
101.0,25,21.765754
178.0,24,21.784719
134.0,30,21.806231
103.0,30,21.92245
54.0,30,21.94553
171.0,30,21.967314
95.0,18,21.980814
134.0,30,22.001848
113.0,30,22.120224
151.0,30,22.141764
166.0,30,22.1644
96.0,30,22.19605
54.0,11,22.209358
131.0,30,22.368459
177.0,30,22.398359
62.0,30,22.430409
43.0,30,22.462395
129.0,20,22.486869
153.0,30,22.613121
94.0,30,22.638189
105.0,30,22.661471
3.0,30,22.684902
85.0,6,22.689775
86.0,30,22.808763
103.0,30,22.834041
20.0,30,22.85853
169.0,23,22.876655
83.0,30,22.998096
-18.0,30,23.020751
123.0,17,23.034106
77.0,10,23.042288
177.0,30,23.064828
15.0,30,23.185115
143.0,30,23.209266
185.0,26,23.230925
91.0,14,23.242201
71.0,9,23.249755
88.0,30,23.273593
163.0,30,23.45182
171.0,30,23.487412
166.0,30,23.518787
123.0,14,23.531696
122.0,30,23.558739
74.0,19,23.668737
157.0,30,23.691633
88.0,17,23.705441
191.0,29,23.728169
38.0,30,23.756514
87.0,7,23.762424
172.0,30,23.902525
163.0,30,23.933758
-15.0,30,23.964062
192.0,30,23.993531
140.0,30,24.124709
111.0,20,24.143688
71.0,4,24.147852
144.0,30,24.172004
157.0,30,24.19764
110.0,21,24.214135
34.0,30,24.328772
70.0,30,24.352788
159.0,18,24.37005
85.0,15,24.382145
92.0,7,24.388119
156.0,28,24.40833
153.0,30,24.516125
150.0,30,24.536295
80.0,30,24.556326
70.0,11,24.563879
154.0,30,24.583688
142.0,30,24.69517
142.0,30,24.71718
129.0,30,24.739202
152.0,30,24.760672
212.0,26,24.874815
164.0,30,24.900386
61.0,9,24.909091
94.0,30,24.935445
174.0,30,24.964217
186.0,26,25.081103
176.0,19,25.096415
126.0,30,25.118924
132.0,30,25.143751
153.0,30,25.168083
172.0,30,25.330188
192.0,30,25.349703
182.0,30,25.371508
192.0,30,25.391209
62.0,30,25.510189
66.0,30,25.532499
94.0,30,25.555681
182.0,30,25.578581
117.0,19,25.591832
142.0,30,25.697708
162.0,30,25.71633
187.0,30,25.736697
119.0,30,25.758131
149.0,30,25.863359
67.0,15,25.872796
115.0,30,25.891469
176.0,26,25.912173
114.0,30,25.93601
78.0,5,25.939883
161.0,30,26.044398
144.0,30,26.065087
163.0,30,26.086808
23.0,30,26.106511
134.0,13,26.114554
171.0,30,26.219942
73.0,30,26.241238
192.0,30,26.261197
183.0,20,26.276503
99.0,30,26.381245
192.0,30,26.401568
174.0,30,26.421469
129.0,30,26.442382
-9.0,30,26.548616
30.0,30,26.569306
182.0,30,26.588485
192.0,30,26.610393
62.0,8,26.615458
131.0,30,26.714903
161.0,30,26.734554
72.0,6,26.738364
43.0,30,26.757524
91.0,13,26.766092
141.0,14,26.775422
192.0,30,26.798084
131.0,30,26.905782
158.0,30,26.931461
114.0,30,26.955283
146.0,30,26.973974
187.0,30,27.077943
104.0,12,27.085907
118.0,30,27.104549
147.0,30,27.125708
145.0,30,27.146438
113.0,30,27.253912
161.0,30,27.273673
169.0,18,27.287319
187.0,30,27.307667
91.0,11,27.316022
187.0,30,27.414457
111.0,18,27.42814
182.0,30,27.449371
179.0,30,27.46846
51.0,30,27.489609
123.0,30,27.593927
113.0,13,27.602847
178.0,20,27.618052
159.0,30,27.638769
169.0,26,27.656391
171.0,30,27.760686
177.0,30,27.779797
99.0,30,27.800332
174.0,30,27.823345
131.0,30,27.927559
155.0,30,27.951437
89.0,30,27.97148
226.0,27,27.989769
192.0,30,28.008226
161.0,30,28.11328
134.0,30,28.135794
147.0,30,28.158912
103.0,30,28.179064
184.0,22,28.2815
-48.0,30,28.303341
-48.0,30,28.32575
123.0,30,28.347827
192.0,30,28.449329
182.0,30,28.470282
164.0,30,28.490069
110.0,11,28.497256
187.0,30,28.519348
174.0,30,28.624024
-48.0,30,28.645801
155.0,30,28.667633
161.0,30,28.687001
192.0,30,28.709617
179.0,30,28.811757
158.0,30,28.833021
182.0,30,28.853353
179.0,27,28.871671
192.0,30,28.983825
142.0,30,29.002613
192.0,30,29.023822
67.0,6,29.028451
148.0,30,29.047523
192.0,30,29.152007
131.0,30,29.17119
167.0,23,29.18594
192.0,30,29.206228
70.0,30,29.226963
107.0,30,29.327918
71.0,4,29.330575
155.0,30,29.349388
147.0,30,29.370612
139.0,30,29.394591
99.0,30,29.498038
115.0,30,29.517034
192.0,30,29.535524
123.0,30,29.556031
182.0,30,29.658578
192.0,30,29.681127
150.0,30,29.703778
99.0,30,29.727013
171.0,30,29.864002
91.0,30,29.895026
155.0,30,29.926694
127.0,15,29.940292
163.0,30,29.964723
156.0,18,30.065625
121.0,30,30.088547
134.0,30,30.109101
177.0,30,30.129345
67.0,30,30.153491
204.0,23,30.257065
142.0,30,30.280187
139.0,30,30.300778
85.0,6,30.305412
19.0,30,30.32825
100.0,10,30.334624
187.0,30,30.440408
139.0,30,30.463661
172.0,30,30.487063
85.0,9,30.494947
139.0,30,30.515973
192.0,30,30.62665
147.0,30,30.647395
204.0,30,30.668827
187.0,30,30.690875
192.0,30,30.797583
129.0,30,30.820509
166.0,30,30.842537
102.0,30,30.86552
59.0,30,30.979672
134.0,13,30.989404
213.0,25,31.00511
192.0,30,31.025216
3.0,30,31.047832
182.0,30,31.149394
131.0,30,31.172375
172.0,21,31.186902
150.0,30,31.209242
179.0,30,31.231295
142.0,30,31.33128
69.0,17,31.344504
113.0,26,31.364625
92.0,7,31.36959
150.0,30,31.392007
187.0,30,31.50356
142.0,30,31.526265
51.0,30,31.548909
150.0,19,31.564443
11.0,30,31.588162
-18.0,30,31.702822
-48.0,30,31.72288
166.0,30,31.742904
92.0,10,31.751093
192.0,30,31.771759
163.0,30,31.872406
147.0,30,31.891317
219.0,29,31.910132
-48.0,30,31.933182
192.0,30,32.040966
166.0,30,32.060224
155.0,19,32.07216
107.0,30,32.092589
78.0,30,32.111291
192.0,30,32.204896
150.0,30,32.227373
171.0,30,32.249541
173.0,23,32.26704
161.0,21,32.282765
187.0,30,32.384181
192.0,30,32.40421
174.0,30,32.423674
171.0,30,32.445848
201.0,30,32.548497
147.0,29,32.567173
192.0,30,32.587292
187.0,30,32.613473
169.0,30,32.722877
192.0,30,32.744794
187.0,30,32.764186
192.0,30,32.783625
187.0,30,32.914912
83.0,30,32.945568
139.0,30,32.971036
177.0,26,32.991607
-15.0,30,33.012788
142.0,30,33.117481
62.0,8,33.123784
192.0,30,33.146302
139.0,30,33.167309
151.0,23,33.184771
142.0,30,33.325576
163.0,30,33.355873
127.0,12,33.368077
121.0,30,33.399699
115.0,30,33.434068
161.0,30,33.645061
184.0,22,33.664066
187.0,30,33.690272
192.0,30,33.716878
114.0,30,33.838354
174.0,30,33.862186
192.0,30,33.885308
158.0,30,33.911527
171.0,30,33.937966
147.0,30,34.08992
126.0,30,34.121138
182.0,30,34.152121
172.0,30,34.181653
120.0,14,34.323377
179.0,30,34.347004
137.0,30,34.373691
106.0,9,34.380311
182.0,30,34.406884
161.0,30,34.553569
161.0,30,34.579017
208.0,25,34.602763
97.0,30,34.625988
183.0,28,34.648635
179.0,30,34.781969
139.0,30,34.807963
105.0,30,34.835735
150.0,30,34.860536
153.0,21,34.879918
192.0,30,35.029785
192.0,30,35.057124
185.0,24,35.078905
139.0,30,35.106784
107.0,14,35.120742
190.0,21,35.243181
134.0,30,35.271893
156.0,30,35.30225
134.0,30,35.327672
155.0,30,35.458866
155.0,30,35.481652
147.0,30,35.50627
192.0,30,35.529759
88.0,30,35.651206
179.0,30,35.674771
187.0,30,35.701125
146.0,30,35.730603
139.0,30,35.75547
163.0,30,35.875776
166.0,19,35.891098
169.0,21,35.908728
174.0,30,35.934271
108.0,10,35.944624
85.0,6,35.949552
163.0,30,36.080355
174.0,30,36.10684
80.0,6,36.111632
91.0,30,36.13465
121.0,30,36.157676
182.0,30,36.274593
158.0,30,36.300261
187.0,30,36.324018
155.0,30,36.346616
166.0,30,36.446521
174.0,30,36.469513
118.0,30,36.492172
171.0,29,36.513695
141.0,14,36.522739
192.0,30,36.624995
192.0,30,36.647988
150.0,30,36.667275
146.0,30,36.686823
163.0,30,36.795356
171.0,30,36.816774
147.0,30,36.841336
158.0,30,36.861372
187.0,30,36.881214
166.0,30,36.997217
177.0,30,37.019993
179.0,30,37.041472
161.0,30,37.063554
142.0,30,37.162283
-48.0,30,37.182548
187.0,30,37.201118
159.0,30,37.220029
187.0,30,37.324318
128.0,14,37.334354
115.0,30,37.355699
20.0,30,37.377697
192.0,30,37.398682
171.0,30,37.505576
107.0,30,37.527797
163.0,30,37.550013
115.0,30,37.570783
139.0,30,37.677264
179.0,30,37.699875
171.0,30,37.72227
147.0,30,37.745234
192.0,30,37.766092
163.0,30,37.868608
192.0,30,37.891858
91.0,30,37.910635
179.0,30,37.934754
163.0,30,38.043829
179.0,30,38.064973
116.0,30,38.084649
161.0,30,38.104568
222.0,26,38.211303
174.0,30,38.231227
187.0,30,38.25171
192.0,30,38.274076
187.0,30,38.294697
70.0,30,38.401986
179.0,30,38.421886
155.0,30,38.443325
150.0,16,38.454023
98.0,12,38.466433
182.0,24,38.577054
57.0,5,38.581036
179.0,30,38.606951
177.0,30,38.634535
118.0,30,38.658206
89.0,8,38.664034
153.0,30,38.773431
187.0,30,38.793187
146.0,23,38.808233
179.0,30,38.830954
150.0,30,38.935833
150.0,30,38.961412
192.0,30,38.986897
166.0,30,39.010494
163.0,30,39.034451
177.0,30,39.143073
99.0,11,39.150666
187.0,30,39.170749
118.0,30,39.192492
125.0,20,39.206083
107.0,30,39.318243
187.0,30,39.340789
192.0,30,39.362545
179.0,30,39.38427
187.0,30,39.494183
150.0,30,39.516819
163.0,30,39.537848
226.0,27,39.558442
147.0,30,39.580772
179.0,30,39.692489
192.0,30,39.714812
129.0,16,39.726908
192.0,30,39.750304
99.0,8,39.756503
182.0,30,39.861689
140.0,30,39.882225
99.0,8,39.889216
179.0,30,39.914533
163.0,30,39.935992
77.0,9,39.942148
182.0,30,40.067534
171.0,30,40.092496
158.0,30,40.116267
192.0,30,40.139259
192.0,30,40.247765
187.0,30,40.270073
177.0,30,40.292776
128.0,14,40.303479
192.0,30,40.32589
192.0,30,40.441329
140.0,24,40.457935
155.0,30,40.478372
187.0,30,40.501654
150.0,30,40.614634
187.0,30,40.638606
217.0,26,40.657213
179.0,30,40.681733
169.0,18,40.696841
171.0,30,40.816255
174.0,30,40.837518
163.0,30,40.86094
171.0,30,40.883174
179.0,30,41.001098
174.0,30,41.024048
187.0,30,41.046501
177.0,30,41.0686
187.0,30,41.089174
192.0,30,41.193026
187.0,30,41.215124
192.0,30,41.236902
205.0,29,41.259653
163.0,30,41.378569
166.0,30,41.398795
171.0,30,41.418576
166.0,30,41.437663
156.0,30,41.54126
169.0,30,41.560447
83.0,30,41.580147
179.0,30,41.603094
163.0,30,41.71382
192.0,30,41.736494
171.0,30,41.758958
171.0,30,41.780921
179.0,30,41.803468
51.0,30,41.907892
166.0,30,41.929186
174.0,30,41.952193
177.0,30,41.979219
166.0,30,42.084707
182.0,30,42.104307
-5.0,30,42.131511
137.0,30,42.156442
19.0,30,42.344209
163.0,30,42.367202
166.0,30,42.389605
164.0,30,42.412969
179.0,30,42.539229
182.0,30,42.563641
171.0,30,42.591367
177.0,30,42.615695
73.0,5,42.620011
192.0,30,42.643615
153.0,30,42.75885
187.0,30,42.778432
192.0,30,42.801625
179.0,30,42.824922
192.0,30,42.938137
161.0,30,42.96523
164.0,30,42.990761
187.0,30,43.015036
192.0,30,43.133316
148.0,15,43.144747
187.0,30,43.168147
161.0,30,43.189101
135.0,30,43.210438
161.0,30,43.321361
171.0,30,43.341401
144.0,30,43.362215
187.0,30,43.384248
155.0,30,43.513106
137.0,30,43.537989
172.0,30,43.561836
163.0,30,43.584823
65.0,30,43.706368
161.0,30,43.730798
169.0,30,43.755168
192.0,30,43.77808
171.0,30,43.800652
147.0,30,43.913764
182.0,30,43.93775
171.0,30,43.962847
187.0,30,43.98781
152.0,30,44.09579
43.0,30,44.117461
123.0,30,44.136376
174.0,30,44.155643
35.0,30,44.254709
172.0,30,44.27531
182.0,30,44.297643
167.0,30,44.316985
182.0,30,44.437935
182.0,30,44.459961
172.0,30,44.483882
182.0,30,44.50777
171.0,30,44.532694
131.0,30,44.653262
151.0,30,44.676355
171.0,30,44.700673
151.0,30,44.724828
179.0,30,44.842326
179.0,30,44.865124
187.0,30,44.88782
106.0,30,44.912138
78.0,30,45.048127
179.0,30,45.070943
179.0,30,45.09958
135.0,30,45.130604
148.0,30,45.165813
192.0,30,45.292697
192.0,30,45.316056
130.0,30,45.339063
115.0,30,45.362019
155.0,30,45.480125
33.0,30,45.503616
60.0,30,45.533811
104.0,30,45.559618
140.0,30,45.685972
167.0,30,45.708416
129.0,30,45.733392
171.0,30,45.755496
97.0,30,45.958153
118.0,30,45.98496
147.0,30,46.010209
166.0,30,46.034883
155.0,16,46.049284
159.0,30,46.170669
163.0,30,46.196664
90.0,30,46.225312
187.0,30,46.253653
67.0,30,46.37923
121.0,30,46.403689
74.0,30,46.427202
156.0,30,46.453109
171.0,30,46.476362
111.0,30,46.604622
116.0,30,46.6299
39.0,30,46.654941
74.0,30,46.678577
120.0,30,46.799567
177.0,30,46.823003
172.0,30,46.846956
177.0,30,46.870358
69.0,30,46.991846
112.0,30,47.015804
122.0,30,47.039196
179.0,30,47.063033
12.0,30,47.182608
95.0,30,47.20299
163.0,30,47.222578
142.0,30,47.243414
39.0,30,47.262352
171.0,30,47.371555
51.0,30,47.394429
138.0,30,47.418077
152.0,30,47.440712
142.0,30,47.553394
148.0,30,47.57683
192.0,30,47.599034
132.0,30,47.62108
192.0,30,47.727433
192.0,30,47.748565
148.0,30,47.771586
171.0,30,47.794544
89.0,30,47.907188
174.0,30,47.930307
187.0,30,47.95364
91.0,30,47.977609
137.0,30,48.014596
156.0,30,48.214847
192.0,30,48.244001
179.0,30,48.27536
182.0,30,48.30904
144.0,30,48.48126
187.0,30,48.501482
192.0,30,48.521135
41.0,30,48.542832
174.0,30,48.656114
131.0,30,48.679749
166.0,30,48.703148
192.0,30,48.72514
177.0,30,48.750306
134.0,30,48.864651
155.0,30,48.88862
174.0,30,48.912259
95.0,10,48.920015
136.0,14,48.930548
171.0,30,49.044609
153.0,30,49.066502
187.0,30,49.087362
182.0,30,49.109241
162.0,17,49.120876
192.0,30,49.225892
142.0,30,49.244912
192.0,30,49.264094
177.0,30,49.291968
179.0,30,49.480309
163.0,30,49.502811
153.0,30,49.526856
169.0,30,49.549775
171.0,30,49.672764
169.0,30,49.698677
147.0,30,49.723741
155.0,30,49.747503
126.0,30,49.86677
153.0,30,49.890461
135.0,15,49.901965
162.0,30,49.933595
153.0,30,49.959715
174.0,30,50.088206
187.0,30,50.111097
172.0,30,50.135111
182.0,30,50.158858
156.0,30,50.181753
179.0,30,50.29201
192.0,30,50.314131
179.0,30,50.337296
135.0,30,50.361075
140.0,30,50.473901
174.0,30,50.500939
192.0,30,50.524165
192.0,30,50.546141
192.0,30,50.654825
169.0,30,50.677067
220.0,30,50.699255
192.0,30,50.723319
148.0,30,50.842138
163.0,30,50.863127
174.0,30,50.888355
68.0,10,50.896234
187.0,30,50.919467
187.0,30,51.032479
179.0,30,51.05382
69.0,9,51.060807
187.0,30,51.083875
187.0,30,51.106413
158.0,30,51.216346
204.0,23,51.232786
182.0,30,51.253172
187.0,30,51.273498
163.0,30,51.293707
153.0,30,51.413002
187.0,30,51.432701
171.0,30,51.454162
129.0,30,51.48116
127.0,30,51.595271
187.0,30,51.614672
147.0,30,51.635703
148.0,30,51.657341
146.0,30,51.77409
179.0,30,51.794806
163.0,30,51.817259
179.0,30,51.839997
120.0,30,51.862135
187.0,30,51.990506
105.0,30,52.012699
142.0,30,52.040852
169.0,30,52.064355
138.0,30,52.174736
172.0,30,52.19857
122.0,30,52.219597
144.0,30,52.245457
182.0,30,52.36694
192.0,30,52.389791
148.0,30,52.415233
147.0,30,52.438281
136.0,30,52.549957
119.0,30,52.574632
42.0,30,52.597397
106.0,30,52.619441
179.0,30,52.643122
187.0,30,52.75795
174.0,30,52.779953
187.0,30,52.800815
123.0,30,52.821936
144.0,30,52.943859
166.0,30,52.966884
142.0,30,52.990725
187.0,30,53.016509
187.0,30,53.13355
192.0,30,53.154631
179.0,30,53.175732
171.0,30,53.200027
192.0,30,53.307661
109.0,30,53.338964
156.0,30,53.368386
174.0,30,53.392318
192.0,30,53.415194
225.0,30,53.570992
115.0,11,53.581287
187.0,30,53.608011
137.0,30,53.635957
166.0,30,53.66006
187.0,30,53.782129
134.0,30,53.808192
179.0,30,53.837114
187.0,30,53.865474
192.0,30,53.997469
155.0,30,54.023306
179.0,30,54.049101
115.0,30,54.073511
182.0,30,54.186601
187.0,30,54.20922
179.0,30,54.232921
179.0,30,54.25719
171.0,30,54.429537
182.0,30,54.461815
155.0,30,54.491633
187.0,30,54.520537
192.0,30,54.545611
179.0,30,54.656359
171.0,30,54.678671
92.0,18,54.692223
192.0,30,54.716273
142.0,30,54.848806
179.0,30,54.873606
171.0,30,54.898436
177.0,30,54.924156
187.0,30,54.949392
155.0,30,55.071791
166.0,30,55.09515
131.0,30,55.121057
179.0,30,55.146428
166.0,30,55.266677
121.0,30,55.2891
155.0,30,55.312322
142.0,30,55.335318
187.0,30,55.456151
171.0,30,55.480019
171.0,30,55.505074
150.0,30,55.529739
147.0,30,55.655907
179.0,30,55.679244
155.0,30,55.702269
155.0,30,55.725155
155.0,30,55.74807
182.0,30,55.874683
171.0,30,55.899552
158.0,30,55.924599
171.0,30,55.95055
187.0,30,56.084451
134.0,30,56.109345
139.0,30,56.133207
179.0,30,56.156192
155.0,30,56.283505
172.0,30,56.307237
192.0,30,56.333717
139.0,30,56.357255
197.0,22,56.374781
192.0,30,56.498052
179.0,30,56.522644
187.0,30,56.549908
229.0,29,56.574698
174.0,30,56.704578
192.0,30,56.729005
171.0,30,56.756153
179.0,30,56.780874
192.0,30,56.897852
166.0,30,56.926212
192.0,30,56.952357
179.0,30,56.976965
166.0,30,57.000039
192.0,30,57.120689
187.0,30,57.144733
150.0,30,57.186669
155.0,30,57.225434
187.0,30,57.630648
139.0,30,57.653753
147.0,30,57.676643
183.0,20,57.69185
187.0,30,57.813384
187.0,30,57.836444
139.0,30,57.863215
179.0,30,57.88633
192.0,30,57.909753
79.0,7,58.01968
192.0,30,58.04841
147.0,30,58.073943
171.0,30,58.099831
151.0,23,58.123076
163.0,30,58.246111
171.0,30,58.273069
187.0,30,58.302682
187.0,30,58.330062
171.0,30,58.457504
142.0,30,58.48193
187.0,30,58.507765
192.0,30,58.532327
85.0,9,58.5394
182.0,30,58.647219
134.0,16,58.660344
174.0,30,58.685228
192.0,30,58.708807
171.0,30,58.731926
155.0,30,58.840945
182.0,30,58.866042
174.0,30,58.890068
179.0,30,58.918588
209.0,28,59.032655
192.0,30,59.057684
171.0,30,59.08484
171.0,30,59.109686
139.0,30,59.222226
179.0,30,59.244571
147.0,30,59.268019
187.0,30,59.290594
171.0,30,59.313603
147.0,30,59.425939
187.0,30,59.446896
187.0,30,59.466071
192.0,30,59.490395
187.0,30,59.596446
179.0,30,59.617087
179.0,30,59.642179
163.0,30,59.66474
179.0,30,59.765443
139.0,30,59.787851
171.0,30,59.810724
139.0,30,59.834079
155.0,30,59.855492
187.0,30,59.972486
179.0,30,59.997851
155.0,30,60.021062
179.0,30,60.047625
163.0,30,60.159795
179.0,30,60.182982
192.0,30,60.206502
192.0,30,60.229496
192.0,30,60.338276
155.0,30,60.359814
139.0,30,60.384256
187.0,30,60.407261
187.0,30,60.514158
192.0,30,60.537468
187.0,30,60.56125
192.0,30,60.584459
187.0,30,60.607852
179.0,30,60.725177
182.0,30,60.748374
187.0,30,60.7717
233.0,30,60.794456
179.0,30,60.918467
101.0,9,60.926303
187.0,30,60.946394
179.0,30,60.969767
125.0,17,60.982142
171.0,30,61.103993
192.0,30,61.127992
192.0,30,61.151541
171.0,30,61.175957
179.0,30,61.199202
139.0,30,61.320247
192.0,30,61.344173
163.0,30,61.367646
192.0,30,61.391398
153.0,30,61.513574
192.0,30,61.536667
147.0,30,61.559879
171.0,30,61.582691
147.0,30,61.69814
163.0,30,61.72201
204.0,23,61.740018
187.0,30,61.764215
187.0,30,61.788449
171.0,30,61.904808
182.0,30,61.927906
187.0,30,61.95093
179.0,30,61.97471
187.0,30,62.099125
171.0,30,62.121186
171.0,30,62.14441
192.0,30,62.167332
179.0,30,62.279432
192.0,30,62.302571
155.0,30,62.32535
171.0,30,62.348227
147.0,30,62.474987
155.0,19,62.491144
179.0,30,62.515771
163.0,30,62.542312
179.0,30,62.56474
171.0,30,62.719715
131.0,30,62.74328
171.0,30,62.766382
139.0,30,62.789196
147.0,30,62.901459
187.0,30,62.925261
102.0,16,62.939307
163.0,30,62.962573
192.0,30,62.987169
163.0,30,63.114665
163.0,30,63.142118
192.0,30,63.166675
147.0,30,63.191491
187.0,30,63.311427
187.0,30,63.332594
171.0,30,63.355708
174.0,30,63.37962
155.0,30,63.403622
192.0,30,63.544894
213.0,27,63.582417
171.0,30,63.614794
150.0,30,63.64465
179.0,30,63.921563
158.0,30,63.945839
142.0,30,63.968551
147.0,30,63.994378
171.0,30,64.128892
147.0,30,64.153473
171.0,30,64.178261
171.0,30,64.203475
192.0,30,64.316944
171.0,30,64.339328
171.0,30,64.363671
192.0,30,64.386272
179.0,30,64.409029
171.0,30,64.520362
179.0,30,64.543081
155.0,30,64.565555
147.0,30,64.587911
188.0,26,64.698283
187.0,30,64.721029
192.0,30,64.745168
171.0,30,64.766845
163.0,30,64.886728
187.0,30,64.913763
163.0,30,64.939507
115.0,30,64.966836
123.0,30,64.989817
171.0,30,65.112089
179.0,30,65.135538
147.0,30,65.161257
192.0,30,65.18493
200.0,25,65.297121
179.0,30,65.320929
155.0,30,65.344718
192.0,30,65.36852
155.0,30,65.491821
139.0,30,65.515348
163.0,30,65.539017
174.0,30,65.562767
187.0,30,65.585535
179.0,30,65.700176
179.0,30,65.723339
192.0,30,65.747084
187.0,30,65.769844
192.0,30,65.88345
177.0,30,65.910291
171.0,30,65.93482
177.0,30,65.957821
192.0,30,66.082579
192.0,30,66.107309
192.0,30,66.131008
205.0,29,66.153256
162.0,17,66.166329
182.0,30,66.284185
192.0,30,66.308111
150.0,30,66.332096
187.0,30,66.355825
147.0,30,66.472333
169.0,30,66.494709
187.0,30,66.519305
158.0,30,66.544583
163.0,30,66.664223
179.0,30,66.687657
147.0,30,66.711303
163.0,30,66.740897
158.0,30,66.764331
166.0,30,66.88389
192.0,30,66.907964
103.0,10,66.915962
187.0,30,66.939195
171.0,30,66.962227
163.0,30,67.096238
179.0,30,67.120864
171.0,30,67.145205
179.0,30,67.170449
155.0,30,67.293222
179.0,30,67.316205
192.0,30,67.340428
171.0,30,67.365904
179.0,30,67.488185
155.0,30,67.512521
179.0,30,67.536989
78.0,5,67.546547
171.0,30,67.570888
179.0,30,67.694092
155.0,30,67.718961
179.0,30,67.742976
155.0,30,67.766718
187.0,30,67.788431
147.0,30,67.909356
171.0,30,67.933295
171.0,30,67.959808
131.0,30,67.983614
187.0,30,68.110084
187.0,30,68.132363
187.0,30,68.156772
147.0,30,68.180678
171.0,30,68.291276
163.0,30,68.314218
139.0,30,68.33759
187.0,30,68.361147
187.0,30,68.486003
187.0,30,68.512126
187.0,30,68.53944
163.0,30,68.566021
139.0,30,68.588961
182.0,30,68.701139
179.0,30,68.724076
187.0,30,68.747302
192.0,30,68.77098
171.0,30,68.880929
163.0,30,68.903898
192.0,30,68.929634
192.0,30,68.951699
187.0,30,69.077839
171.0,30,69.106219
192.0,30,69.133571
192.0,30,69.159637
192.0,30,69.280792
155.0,30,69.307356
192.0,30,69.336404
147.0,30,69.362816
163.0,30,69.386599
179.0,30,69.507253
187.0,30,69.531152
192.0,30,69.554183
187.0,30,69.577528
171.0,30,69.694459
163.0,30,69.717921
134.0,30,69.742132
187.0,30,69.765738
187.0,30,69.895585
171.0,30,69.919661
192.0,30,69.944868
179.0,30,69.968791
187.0,30,70.096976
179.0,30,70.120284
171.0,30,70.142944
187.0,30,70.166333
147.0,30,70.188737
174.0,30,70.298312
179.0,30,70.322873
171.0,30,70.346991
187.0,30,70.37041
179.0,30,70.494608
192.0,30,70.519418
171.0,30,70.544137
171.0,30,70.570034
179.0,30,70.759342
155.0,30,70.790523
131.0,30,70.831756
192.0,30,70.863419
171.0,30,70.89618
187.0,30,71.054523
179.0,30,71.081074
147.0,30,71.104595
187.0,30,71.128869
171.0,30,71.249847
171.0,30,71.272753
192.0,30,71.298608
179.0,30,71.33352
171.0,30,71.446964
58.0,4,71.450221
147.0,30,71.473769
171.0,30,71.501709
179.0,30,71.526288
163.0,30,71.643324
176.0,19,71.658304
192.0,30,71.682719
174.0,30,71.705777
179.0,30,71.729786
187.0,30,71.847221
171.0,30,71.871182
155.0,30,71.898925
171.0,30,71.924586
139.0,30,72.048181
155.0,30,72.073205
171.0,30,72.098353
187.0,30,72.122196
163.0,30,72.24142
179.0,30,72.26625
171.0,30,72.29056
192.0,30,72.314565
187.0,30,72.338259
192.0,30,72.458139
155.0,30,72.484344
171.0,30,72.509694
155.0,30,72.534262
123.0,30,72.653175
192.0,30,72.676577
192.0,30,72.700058
187.0,30,72.722877
187.0,30,72.838845
163.0,30,72.8625
192.0,30,72.888954
163.0,30,72.913332
158.0,30,73.029171
192.0,30,73.052205
179.0,30,73.075368
123.0,30,73.097838
155.0,30,73.121142
147.0,30,73.235727
171.0,30,73.258967
171.0,30,73.28319
171.0,30,73.30604
155.0,30,73.417555
192.0,30,73.441024
187.0,30,73.464995
179.0,30,73.489904
171.0,30,73.607251
163.0,30,73.6309
187.0,30,73.655408
171.0,30,73.683032
179.0,30,73.798635
218.0,25,73.818145
163.0,30,73.841997
171.0,30,73.873474
155.0,30,73.89596
192.0,30,74.118575
166.0,30,74.223654
187.0,30,74.255723
192.0,30,74.287095
192.0,30,74.529341
171.0,30,74.55314
192.0,30,74.577898
192.0,30,74.604316
192.0,30,74.724797
179.0,30,74.749097
179.0,30,74.772444
187.0,30,74.796838
155.0,30,74.8217
131.0,30,74.938883
192.0,30,74.965118
192.0,30,74.989265
192.0,30,75.015703
59.0,3,75.018234
192.0,30,75.148193
190.0,24,75.167332
187.0,30,75.190066
187.0,30,75.212969
56.0,6,75.217888
179.0,30,75.339682
179.0,30,75.36389
187.0,30,75.385961
163.0,30,75.409049
163.0,30,75.527998
173.0,27,75.54882
179.0,30,75.569341
171.0,30,75.59039
179.0,30,75.614753
192.0,30,75.734407
139.0,30,75.758141
163.0,30,75.780339
179.0,30,75.803674
171.0,30,75.929606
179.0,30,75.950858
179.0,30,75.974907
187.0,30,75.998164
192.0,30,76.128232
179.0,30,76.152284
163.0,30,76.176489
171.0,30,76.197281
148.0,15,76.20947
163.0,30,76.327005
131.0,30,76.350587
192.0,30,76.373685
179.0,30,76.396775
171.0,30,76.514313
155.0,30,76.539216
163.0,30,76.563812
171.0,30,76.587721
187.0,30,76.612046
171.0,30,76.730331
150.0,30,76.753713
171.0,30,76.777069
187.0,30,76.800381
187.0,30,76.925288
187.0,30,76.948813
171.0,30,76.972777
155.0,30,76.997412
192.0,30,77.121576
179.0,30,77.144866
190.0,24,77.162627
187.0,30,77.183507
107.0,30,77.206899
179.0,30,77.323285
171.0,30,77.346399
192.0,30,77.373471
187.0,30,77.396445
179.0,30,77.512622
179.0,30,77.53607
171.0,30,77.55867
171.0,30,77.581663
187.0,30,77.70361
192.0,30,77.728754
187.0,30,77.749645
171.0,30,77.773408
187.0,30,77.886817
171.0,30,77.910059
171.0,30,77.933056
187.0,30,77.956641
192.0,30,77.980046
171.0,30,78.106673
179.0,30,78.137671
187.0,30,78.16098
187.0,30,78.184158
179.0,30,78.309303
174.0,30,78.333805
192.0,30,78.35691
217.0,26,78.378338
187.0,30,78.502426
147.0,30,78.528774
179.0,30,78.55196
166.0,30,78.574876
163.0,30,78.599519
171.0,30,78.719535
179.0,30,78.743893
192.0,30,78.767115
57.0,2,78.768815
204.0,23,78.786231
187.0,30,78.90508
179.0,30,78.928097
179.0,30,78.951483
187.0,30,78.973969
187.0,30,79.10398
171.0,30,79.127158
179.0,30,79.150152
163.0,30,79.174676
171.0,30,79.201322
192.0,30,79.319586
163.0,30,79.342537
179.0,30,79.365725
171.0,30,79.393676
179.0,30,79.539942
171.0,30,79.56474
179.0,30,79.588628
174.0,30,79.621339
179.0,30,79.738858
171.0,30,79.763958
192.0,30,79.786505
179.0,30,79.811091
192.0,30,79.92625
179.0,30,79.948807
174.0,30,79.971676
155.0,30,79.99397
192.0,30,80.018467
171.0,30,80.149281
147.0,30,80.171626
139.0,30,80.194102
179.0,30,80.216556
187.0,30,80.333222
192.0,30,80.357082
171.0,30,80.384374
179.0,30,80.408584
187.0,30,80.524116
192.0,30,80.54865
177.0,30,80.57059
192.0,30,80.590481
179.0,30,80.705453
131.0,30,80.729771
187.0,30,80.751841
179.0,30,80.776677
179.0,30,80.800951
179.0,30,80.915878
155.0,30,80.938654
182.0,30,80.961637
171.0,30,80.984908
155.0,30,81.106787
174.0,30,81.132987
179.0,30,81.156473
187.0,30,81.17923
171.0,30,81.30159
192.0,30,81.324634
187.0,30,81.347813
179.0,30,81.370954
187.0,30,81.394007
163.0,30,81.52229
155.0,30,81.546455
192.0,30,81.571258
192.0,30,81.594846
171.0,30,81.711473
171.0,30,81.736783
187.0,30,81.76083
155.0,30,81.784502
179.0,30,81.898636
192.0,30,81.919653
179.0,30,81.943878
187.0,30,81.967078
155.0,30,82.096374
192.0,30,82.121284
131.0,30,82.145177
179.0,30,82.169216
174.0,30,82.19393
163.0,30,82.313355
187.0,30,82.33727
171.0,30,82.3602
192.0,30,82.383062
179.0,30,82.496947
179.0,30,82.519092
163.0,30,82.542588
192.0,30,82.565881
139.0,30,82.683191
179.0,30,82.705909
192.0,30,82.730622
179.0,30,82.754632
187.0,30,82.873936
192.0,30,82.897223
171.0,30,82.924018
171.0,30,82.94881
155.0,30,82.972583
187.0,30,83.083375
179.0,30,83.109439
139.0,30,83.130182
171.0,30,83.153097
192.0,30,83.27316
147.0,30,83.29627
179.0,30,83.319478
187.0,30,83.342445
179.0,30,83.466649
139.0,30,83.489983
147.0,30,83.513583
179.0,30,83.540694
163.0,30,83.649567
179.0,30,83.67128
171.0,30,83.694163
163.0,30,83.723298
179.0,30,83.748765
187.0,30,83.854409
192.0,30,83.877246
171.0,30,83.900599
187.0,30,83.923553
192.0,30,84.049378
147.0,30,84.074305
171.0,30,84.099737
187.0,30,84.123358
192.0,30,84.237308
192.0,30,84.26203
192.0,30,84.290979
182.0,30,84.318527
171.0,30,84.346723
150.0,30,84.470261
187.0,30,84.498943
163.0,30,84.522305
187.0,30,84.5464
187.0,30,84.661458
147.0,30,84.684587
139.0,30,84.707553
192.0,30,84.728722
147.0,30,84.851406
149.0,17,84.864595
171.0,30,84.887694
179.0,30,84.916529
187.0,30,84.940061
171.0,30,85.074603
171.0,30,85.100208
171.0,30,85.124246
171.0,30,85.148686
171.0,30,85.269705
179.0,30,85.292809
192.0,30,85.315888
192.0,30,85.338835
171.0,30,85.45246
187.0,30,85.473009
99.0,30,85.495405
147.0,30,85.52209
155.0,30,85.545432
163.0,30,85.664562
192.0,30,85.688746
171.0,30,85.712147
182.0,30,85.734818
171.0,30,85.853172
171.0,30,85.876649
179.0,30,85.900246
155.0,30,85.923072
155.0,30,86.038094
179.0,30,86.061129
192.0,30,86.090132
142.0,30,86.114526
192.0,30,86.232701
179.0,30,86.255809
171.0,30,86.27967
179.0,30,86.301475
155.0,30,86.32289
139.0,30,86.443808
131.0,30,86.467516
179.0,30,86.494672
187.0,30,86.523953
192.0,30,86.672064
131.0,30,86.696114
187.0,30,86.719362
192.0,30,86.743856
187.0,30,86.855681
179.0,30,86.878793
192.0,30,86.905917
171.0,30,86.929407
192.0,30,87.046696
147.0,30,87.072339
187.0,30,87.101754
142.0,30,87.126764
122.0,12,87.136182
163.0,30,87.261911
179.0,30,87.285329
155.0,30,87.308995
174.0,30,87.332293
192.0,30,87.355301
147.0,30,87.479526
155.0,30,87.503291
134.0,30,87.527928
166.0,30,87.550647
171.0,30,87.672436
171.0,30,87.695281
192.0,30,87.718246
171.0,30,87.741044
192.0,30,87.858786
192.0,30,87.88224
131.0,30,87.90538
174.0,30,87.92802
179.0,30,88.046196
139.0,30,88.07299
187.0,30,88.099191
166.0,30,88.124126
163.0,30,88.151548
171.0,30,88.268409
163.0,30,88.295222
192.0,30,88.322093
163.0,30,88.349603
187.0,30,88.505995
131.0,30,88.528656
187.0,30,88.552399
187.0,30,88.575921
179.0,30,88.692801
179.0,30,88.715725
192.0,30,88.738162
179.0,30,88.760814
150.0,30,88.883146
147.0,30,88.908383
174.0,30,88.932445
171.0,30,88.959536
171.0,30,88.984269
174.0,30,89.102129
179.0,30,89.123938
139.0,30,89.147296
171.0,30,89.17023
187.0,30,89.289904
187.0,30,89.312857
187.0,30,89.337897
171.0,30,89.3618
163.0,30,89.484165
192.0,30,89.507762
179.0,30,89.531735
171.0,30,89.557779
187.0,30,89.676528
171.0,30,89.701092
192.0,30,89.727429
187.0,30,89.751715
187.0,30,89.774419
128.0,14,89.876614
179.0,30,89.899868
166.0,30,89.924899
192.0,22,89.942351
174.0,30,89.965777
147.0,30,90.090351
142.0,16,90.103441
192.0,30,90.126994
169.0,30,90.156269
179.0,30,90.17917
145.0,30,90.293827
187.0,30,90.320921
179.0,30,90.345791
192.0,30,90.36965
171.0,30,90.480205
190.0,24,90.49644
187.0,30,90.51905
147.0,30,90.542143
187.0,30,90.657446
174.0,30,90.680348
65.0,5,90.684314
187.0,30,90.707272
163.0,30,90.728029
163.0,30,90.840264
187.0,30,90.864926
163.0,30,90.891527
163.0,30,90.915685
166.0,30,90.939092
171.0,30,91.055735
179.0,30,91.080509
155.0,30,91.109614
192.0,30,91.137262
179.0,30,91.252641
179.0,30,91.275302
150.0,30,91.298004
179.0,30,91.31944
171.0,30,91.43464
192.0,30,91.457906
179.0,30,91.480888
192.0,30,91.504407
179.0,30,91.621459
179.0,30,91.643709
163.0,30,91.671978
192.0,30,91.695566
192.0,30,91.718914
174.0,30,91.840738
187.0,30,91.866939
163.0,30,91.889601
139.0,30,91.91389
155.0,30,92.029073
192.0,30,92.054243
150.0,30,92.079356
226.0,27,92.105313
171.0,30,92.220738
187.0,30,92.243883
179.0,30,92.272468
216.0,27,92.293334
192.0,30,92.317265
163.0,30,92.436703
179.0,30,92.460196
158.0,30,92.483137
192.0,30,92.50625
182.0,30,92.633593
192.0,30,92.65635
145.0,30,92.67626
139.0,30,92.696057
147.0,30,92.801861
187.0,30,92.826273
182.0,30,92.850475
161.0,30,92.884411
187.0,30,92.925003
192.0,30,93.071498
192.0,30,93.12056
177.0,30,93.149218
135.0,30,93.176682
101.0,12,93.307166
169.0,30,93.334769
187.0,30,93.369805
171.0,30,93.398221
187.0,30,93.426375
158.0,30,93.560392
177.0,30,93.583813
174.0,30,93.606822
155.0,30,93.630341
174.0,30,93.745793
147.0,30,93.768884
187.0,30,93.796138
150.0,30,93.818963
174.0,30,93.96672
187.0,30,93.99661
179.0,30,94.023852
123.0,30,94.047714
179.0,30,94.180023
126.0,30,94.203956
158.0,30,94.228484
177.0,30,94.255808
163.0,30,94.280979
155.0,30,94.423808
179.0,30,94.450656
190.0,21,94.470129
192.0,30,94.496584
187.0,30,94.617532
182.0,30,94.640891
166.0,30,94.664328
169.0,30,94.692327
172.0,30,94.716561
179.0,30,94.837949
147.0,30,94.862169
169.0,30,94.886138
50.0,1,94.887069
174.0,30,94.910215
187.0,30,95.037409
187.0,30,95.062214
192.0,30,95.091154
171.0,30,95.117203
158.0,30,95.248768
174.0,30,95.272934
192.0,30,95.300914
192.0,30,95.323271
171.0,30,95.452499
192.0,30,95.478649
158.0,30,95.502064
187.0,30,95.525545
137.0,30,95.551183
166.0,30,95.873034
147.0,30,95.901027
158.0,30,95.929303
187.0,30,95.975289
187.0,30,96.105098
179.0,30,96.133519
134.0,30,96.156649
182.0,30,96.18465
192.0,30,96.314473
164.0,30,96.338522
187.0,30,96.368505
179.0,30,96.394292
179.0,30,96.503339
171.0,30,96.526726
163.0,30,96.549796
145.0,30,96.573265
158.0,30,96.594111
179.0,30,96.715841
164.0,30,96.738071
174.0,30,96.761674
166.0,30,96.788426
171.0,30,96.908273
121.0,30,96.935785
182.0,30,96.969707
80.0,15,96.981566
187.0,30,97.004662
192.0,30,97.136959
179.0,30,97.160465
171.0,30,97.183473
155.0,30,97.204383
140.0,30,97.317952
192.0,30,97.341695
155.0,30,97.36652
192.0,30,97.389842
171.0,30,97.507411
179.0,30,97.530535
171.0,30,97.555025
171.0,30,97.580457
179.0,30,97.696066
192.0,30,97.722183
150.0,30,97.746288
192.0,30,97.770704
129.0,30,97.795831
187.0,30,97.907476
179.0,30,97.929991
179.0,30,97.952839
179.0,30,97.976833
192.0,30,98.098324
179.0,30,98.121514
166.0,30,98.145374
187.0,30,98.172352
161.0,30,98.292424
147.0,30,98.31853
163.0,30,98.340374
179.0,30,98.364248
169.0,30,98.387406
187.0,30,98.512747
155.0,30,98.536856
171.0,30,98.56056
187.0,30,98.584629
155.0,30,98.696119
187.0,30,98.719048
166.0,30,98.743967
169.0,30,98.770251
163.0,30,98.884742
142.0,30,98.907443
187.0,30,98.93188
174.0,30,98.958951
192.0,30,99.073683
159.0,30,99.100013
187.0,30,99.121909
163.0,30,99.14892
171.0,30,99.17179
179.0,30,99.287637
179.0,30,99.311824
187.0,30,99.337634
192.0,30,99.363305
122.0,30,99.471014
141.0,30,99.495466
163.0,30,99.518758
179.0,30,99.541759
177.0,30,99.661734
179.0,30,99.684923
174.0,30,99.708517
171.0,30,99.733384
143.0,30,99.849972
164.0,30,99.871884
179.0,30,99.894253
192.0,30,99.919531
174.0,30,99.94331
142.0,30,100.064527
187.0,30,100.094531
164.0,30,100.119201
147.0,30,100.143114
192.0,30,100.252155
146.0,30,100.276037
192.0,30,100.299177
179.0,30,100.322222
155.0,30,100.437608
171.0,30,100.460818
182.0,30,100.4837
147.0,30,100.510934
187.0,30,100.622752
166.0,30,100.648095
187.0,30,100.671402
179.0,30,100.694884
158.0,30,100.71706
174.0,30,100.841818
166.0,30,100.864473
166.0,30,100.890045
192.0,30,100.915774
192.0,30,101.060527
179.0,30,101.087126
123.0,30,101.11417
192.0,30,101.139727
192.0,30,101.272068
192.0,30,101.295108
147.0,30,101.318409
179.0,30,101.345229
192.0,30,101.370731
166.0,30,101.48923
187.0,30,101.513446
166.0,30,101.53708
192.0,30,101.562697
192.0,30,101.681563
192.0,30,101.704798
155.0,30,101.727428
171.0,30,101.750386
179.0,30,101.87096
171.0,30,101.894799
171.0,30,101.918185
187.0,30,101.943299
187.0,30,102.062374
192.0,30,102.089183
166.0,30,102.120086
187.0,30,102.143618
187.0,30,102.167595
187.0,30,102.295334
192.0,30,102.317301
192.0,30,102.341187
171.0,30,102.365561
179.0,30,102.477566
171.0,30,102.499755
171.0,30,102.523716
174.0,30,102.55012
147.0,30,102.668951
179.0,30,102.691751
171.0,30,102.716491
142.0,30,102.739003
163.0,30,102.85984
155.0,30,102.883514
171.0,30,102.906602
171.0,30,102.931278
171.0,30,102.954706
179.0,30,103.084679
192.0,30,103.108499
174.0,30,103.1323
150.0,30,103.154934
147.0,30,103.26733
139.0,30,103.293287
179.0,30,103.314448
179.0,30,103.33813
192.0,30,103.470036
192.0,30,103.493706
163.0,30,103.518198
179.0,30,103.542765
171.0,30,103.656216
192.0,30,103.67945
187.0,30,103.702387
179.0,30,103.726043
163.0,30,103.750062
179.0,30,103.869591
115.0,30,103.893193
131.0,30,103.916475
192.0,30,103.938761
187.0,30,104.059306
171.0,30,104.083435
163.0,30,104.105734
187.0,30,104.127701
187.0,30,104.248511
187.0,30,104.270538
179.0,30,104.293587
171.0,30,104.320311
192.0,30,104.343484
179.0,30,104.456785
107.0,30,104.480358
171.0,30,104.509865
174.0,30,104.534641
155.0,30,104.660152
155.0,30,104.682718
192.0,30,104.702108
192.0,30,104.723605
187.0,30,104.84698
147.0,30,104.871228
192.0,30,104.89487
171.0,30,104.921637
187.0,30,105.038364
187.0,30,105.065012
174.0,30,105.094367
187.0,30,105.118408
139.0,30,105.141333
179.0,30,105.254214
192.0,30,105.277914
187.0,30,105.300842
192.0,30,105.324151
174.0,30,105.43877
64.0,3,105.44127
187.0,30,105.463935
163.0,30,105.487781
123.0,30,105.514706
179.0,30,105.623715
192.0,30,105.646313
187.0,30,105.673367
171.0,30,105.695083
179.0,30,105.813497
163.0,30,105.83663
155.0,30,105.860251
129.0,30,105.883517
174.0,30,105.907669
192.0,30,106.032093
192.0,30,106.05461
171.0,30,106.081166
142.0,30,106.106073
179.0,30,106.220158
192.0,30,106.242999
179.0,30,106.272407
171.0,30,106.295802
187.0,30,106.424501
171.0,30,106.449191
187.0,30,106.473729
179.0,30,106.498503
171.0,30,106.623671
131.0,30,106.647624
187.0,30,106.672866
143.0,18,106.687914
187.0,30,106.710675
179.0,30,106.829876
179.0,30,106.852869
187.0,30,106.878656
179.0,30,106.901957
192.0,30,107.024468
171.0,30,107.04853
187.0,30,107.076025
187.0,30,107.101758
171.0,30,107.125341
192.0,30,107.248957
153.0,30,107.272071
179.0,30,107.331432
192.0,30,107.361518
171.0,30,107.532386
192.0,30,107.561399
142.0,30,107.593857
179.0,30,107.619179
155.0,30,107.767085
171.0,30,107.790634
179.0,30,107.814591
179.0,30,107.838446
187.0,30,107.948683
192.0,30,107.972041
179.0,30,107.997706
179.0,30,108.01767
179.0,30,108.040106
192.0,30,108.170785
179.0,30,108.19466
163.0,30,108.217454
155.0,30,108.242009
179.0,30,108.358377
174.0,30,108.381997
171.0,30,108.407018
179.0,30,108.431902
187.0,30,108.550371
192.0,30,108.573075
179.0,30,108.595919
187.0,30,108.620156
192.0,30,108.744833
179.0,30,108.768008
192.0,30,108.790974
182.0,30,108.813202
187.0,30,108.833151
182.0,30,108.952498
163.0,30,108.974775
171.0,30,108.999425
179.0,30,109.025287
179.0,30,109.153163
171.0,30,109.176755
187.0,30,109.20233
187.0,30,109.225939
179.0,30,109.333576
187.0,30,109.357881
171.0,30,109.380787
171.0,30,109.404382
166.0,30,109.427547
163.0,30,109.545525
171.0,30,109.568541
166.0,30,109.591349
142.0,30,109.614742
192.0,30,109.736464
147.0,30,109.759854
174.0,30,109.787203
187.0,30,109.810903
192.0,30,109.924297
179.0,30,109.947662
174.0,30,109.970452
192.0,30,109.993414
155.0,30,110.119097
155.0,30,110.144626
179.0,30,110.168433
192.0,30,110.192597
156.0,30,110.216093
187.0,30,110.339045
179.0,30,110.362533
179.0,30,110.387402
187.0,30,110.412873
171.0,30,110.529012
174.0,30,110.552589
161.0,30,110.57915
187.0,30,110.603033
192.0,30,110.726705
187.0,30,110.757114
179.0,30,110.780401
126.0,30,110.803283
179.0,30,110.930485
155.0,30,110.954559
73.0,5,110.958718
163.0,30,110.982501
187.0,30,111.006437
99.0,8,111.012346
179.0,30,111.147434
192.0,30,111.17108
179.0,30,111.195379
174.0,30,111.220854
177.0,30,111.336606
221.0,27,111.355623
171.0,30,111.377425
187.0,30,111.401734
147.0,30,111.427121
147.0,30,111.539857
192.0,30,111.562758
179.0,30,111.585337
187.0,30,111.60769
192.0,30,111.730412
179.0,30,111.752859
179.0,30,111.777056
192.0,30,111.800871
179.0,30,111.919984
192.0,30,111.943343
192.0,30,111.969351
147.0,30,111.994311
153.0,30,112.017617
187.0,30,112.14299
150.0,30,112.168908
171.0,30,112.193003
192.0,30,112.216279
147.0,30,112.368174
171.0,30,112.391406
179.0,30,112.417395
179.0,30,112.440304
126.0,30,112.556738
170.0,20,112.572868
179.0,30,112.597309
118.0,30,112.621889
187.0,30,112.645184
187.0,30,112.764412
166.0,30,112.787431
166.0,30,112.811823
155.0,30,112.83481
221.0,29,112.955675
115.0,11,112.964229
192.0,30,112.988071
163.0,30,113.012982
179.0,30,113.035833
171.0,30,113.160016
192.0,30,113.182873
163.0,30,113.204642
171.0,30,113.230197
166.0,30,113.350107
171.0,30,113.371932
174.0,30,113.396194
155.0,30,113.420417
192.0,30,113.444649
155.0,30,113.565737
163.0,30,113.588766
123.0,30,113.611661
150.0,30,113.635814
171.0,30,113.750087
166.0,30,113.78174
155.0,30,113.804584
192.0,30,113.827546
192.0,30,113.952864
192.0,30,113.974407
192.0,30,113.998008
187.0,30,114.02118
187.0,30,114.144114
221.0,27,114.166032
145.0,30,114.192296
192.0,30,114.216373
147.0,30,114.239884
156.0,30,114.352517
177.0,30,114.375294
148.0,30,114.397938
179.0,30,114.421255
179.0,30,114.53808
166.0,30,114.562867
182.0,30,114.58621
187.0,30,114.610018
171.0,30,114.742033
192.0,30,114.767702
182.0,30,114.791831
187.0,30,114.81611
174.0,30,114.933637
179.0,30,114.957997
196.0,28,114.979831
169.0,30,115.003485
182.0,30,115.024011
97.0,30,115.146583
177.0,30,115.166874
148.0,30,115.190964
192.0,30,115.215805
153.0,30,115.335885
192.0,30,115.358883
187.0,30,115.382615
182.0,30,115.405722
171.0,30,115.525038
187.0,30,115.547962
182.0,30,115.571207
179.0,30,115.598932
132.0,21,115.615047
187.0,30,115.731299
192.0,30,115.754898
171.0,30,115.778613
179.0,30,115.802737
147.0,30,115.923835
192.0,30,115.946853
171.0,30,115.969855
192.0,30,115.993017
147.0,30,116.124176
125.0,17,116.137561
187.0,30,116.163079
166.0,30,116.190589
147.0,30,116.214033
192.0,30,116.328918
187.0,30,116.351377
171.0,30,116.379026
85.0,9,116.386533
171.0,30,116.410624
156.0,30,116.5228
179.0,30,116.545656
179.0,30,116.568878
155.0,30,116.592486
179.0,30,116.71884
187.0,30,116.742676
192.0,30,116.765514
192.0,30,116.789102
171.0,30,116.816048
155.0,30,116.933762
192.0,30,116.95907
147.0,30,116.982593
174.0,30,117.006891
192.0,30,117.141295
182.0,30,117.165332
171.0,30,117.189002
171.0,30,117.21264
166.0,30,117.324947
187.0,30,117.348123
155.0,30,117.371124
187.0,30,117.396117
179.0,30,117.509911
179.0,30,117.539692
147.0,30,117.565907
135.0,18,117.58024
179.0,30,117.604765
174.0,30,117.723929
192.0,30,117.745559
124.0,30,117.769104
192.0,30,117.792269
187.0,30,117.911348
94.0,8,117.917635
187.0,30,117.940435
192.0,30,117.963396
98.0,12,117.972579
179.0,30,117.99465
161.0,30,118.113971
187.0,30,118.137396
179.0,30,118.162569
171.0,30,118.185447
187.0,30,118.302124
150.0,30,118.325238
179.0,30,118.348288
147.0,30,118.368092
174.0,30,118.387316
187.0,30,118.504035
192.0,30,118.526431
192.0,30,118.550675
161.0,30,118.574519
161.0,30,118.690553
192.0,30,118.713888
161.0,30,118.737086
187.0,30,118.761379
179.0,30,118.877621
192.0,30,118.901301
187.0,30,118.922622
147.0,30,118.945763
169.0,30,119.074293
132.0,30,119.098876
182.0,30,119.122527
132.0,30,119.145756
164.0,30,119.168872
150.0,30,119.296869
154.0,30,119.320745
151.0,30,119.344512
172.0,30,119.367578
172.0,30,119.480804
122.0,30,119.502173
143.0,30,119.525359
137.0,30,119.548543
136.0,30,119.671559
159.0,30,119.696882
102.0,30,119.719492
179.0,30,119.74253
133.0,30,119.865382
172.0,30,119.888479
187.0,30,119.911903
192.0,30,119.937818
187.0,30,119.962187
187.0,30,120.084275
179.0,30,120.107357
187.0,30,120.130226
179.0,30,120.153124
169.0,30,120.274065
118.0,30,120.298076
144.0,30,120.322118
187.0,30,120.345253
114.0,30,120.464263
122.0,30,120.485267
179.0,30,120.508388
187.0,30,120.535271
156.0,30,120.651823
149.0,30,120.675321
143.0,30,120.699218
128.0,30,120.724699
146.0,30,120.749395
136.0,30,120.858239
151.0,30,120.883737
107.0,30,120.905357
109.0,30,120.929545
171.0,30,121.04814
166.0,30,121.073736
179.0,30,121.102997
187.0,30,121.130888
156.0,30,121.278661
192.0,30,121.30602
146.0,30,121.334647
143.0,30,121.357999
179.0,30,121.381405
163.0,30,121.501093
177.0,30,121.525995
73.0,30,121.550142
150.0,30,121.572728
153.0,30,121.680226
169.0,30,121.704154
151.0,30,121.728195
121.0,30,121.75151
171.0,30,121.878371
145.0,30,121.901484
169.0,30,121.926424
153.0,30,121.951285
182.0,30,122.075573
171.0,30,122.100091
192.0,30,122.123674
192.0,30,122.1471
192.0,30,122.171124
192.0,30,122.296837
163.0,30,122.320314
192.0,30,122.343657
192.0,30,122.366704
179.0,30,122.481888
192.0,30,122.505033
192.0,30,122.531017
179.0,30,122.554199
163.0,30,122.674509
187.0,30,122.697793
161.0,30,122.720837
153.0,30,122.744752
123.0,30,122.866857
171.0,30,122.891281
150.0,30,122.917968
134.0,30,122.942369
174.0,30,122.970136
192.0,30,123.093573
182.0,30,123.119094
192.0,30,123.14776
167.0,30,123.175462
187.0,30,123.290605
126.0,30,123.319539
166.0,30,123.344737
142.0,30,123.368309
150.0,30,123.488729
187.0,30,123.511817
174.0,30,123.534498
182.0,30,123.557842
187.0,30,123.674336
115.0,30,123.698625
179.0,30,123.722775
164.0,30,123.746022
171.0,30,123.769152
187.0,30,123.884076
187.0,30,123.90698
179.0,30,123.933698
161.0,30,123.957723
174.0,30,124.082582
171.0,30,124.106445
174.0,30,124.129968
150.0,30,124.152993
187.0,30,124.27377
192.0,30,124.297362
158.0,30,124.322791
134.0,30,124.356679
187.0,30,124.382615
81.0,30,124.500034
150.0,30,124.523067
171.0,30,124.546229
134.0,30,124.569036
108.0,30,124.692589
151.0,30,124.711834
179.0,30,124.733116
192.0,30,124.75586
179.0,30,124.894089
187.0,30,124.92092
142.0,30,124.946513
187.0,30,124.97296
147.0,22,124.990304
153.0,30,125.11102
134.0,30,125.135388
187.0,30,125.161074
142.0,30,125.18297
131.0,30,125.296276
114.0,30,125.319618
171.0,30,125.342184
177.0,30,125.364911
126.0,30,125.482537
187.0,30,125.505709
138.0,30,125.527754
155.0,30,125.549604
163.0,30,125.666926
187.0,30,125.690318
182.0,30,125.717061
148.0,30,125.741227
182.0,30,125.764403
179.0,30,125.88383
179.0,30,125.909294
142.0,16,125.922313
192.0,30,125.945393
174.0,30,126.052289
192.0,30,126.078985
187.0,30,126.102729
179.0,30,126.124687
163.0,30,126.150972
166.0,30,126.269793
130.0,30,126.294327
166.0,30,126.326743
192.0,30,126.350209
179.0,30,126.468121
192.0,30,126.491611
171.0,30,126.514937
187.0,30,126.53851
187.0,30,126.664303
153.0,30,126.687439
182.0,30,126.711026
179.0,30,126.733809
187.0,30,126.878202
182.0,30,126.902512
171.0,30,126.930373
179.0,30,126.958512
182.0,30,126.983502
187.0,30,127.119364
169.0,30,127.151495
164.0,30,127.176726
138.0,30,127.201823
166.0,30,127.335516
158.0,30,127.357614
187.0,30,127.383713
179.0,30,127.407156
148.0,30,127.644728
164.0,30,127.674901
167.0,30,127.703754
179.0,30,127.734426
187.0,30,127.765197
124.0,30,127.988342
129.0,30,128.013972
164.0,30,128.037006
143.0,30,128.059908
179.0,30,128.18296
187.0,30,128.206175
179.0,30,128.229954
133.0,30,128.25716
147.0,30,128.371243
187.0,30,128.398963
162.0,30,128.423933
139.0,30,128.447007
187.0,30,128.566495
179.0,30,128.587215
171.0,30,128.609779
187.0,30,128.6336
179.0,30,128.656996
169.0,30,128.778051
166.0,30,128.801981
166.0,30,128.826648
171.0,30,128.850664
171.0,30,129.000961
137.0,30,129.024093
172.0,30,129.048863
192.0,30,129.075075
182.0,30,129.190857
146.0,30,129.21246
187.0,30,129.236085
177.0,30,129.259604
79.0,30,129.378203
171.0,30,129.40097
155.0,30,129.424799
164.0,30,129.449845
192.0,30,129.473987
187.0,30,129.589049
166.0,30,129.61289
164.0,30,129.636597
192.0,30,129.660203
192.0,30,129.777411
127.0,30,129.801244
150.0,30,129.825099
146.0,30,129.848971
182.0,30,129.970408
182.0,30,129.992387
179.0,30,130.01632
166.0,30,130.03941
187.0,30,130.163404
187.0,30,130.185854
187.0,30,130.208586
141.0,30,130.231925
171.0,30,130.255163
179.0,30,130.372395
192.0,30,130.399675
192.0,30,130.422814
187.0,30,130.447319
187.0,30,130.566405
187.0,30,130.589778
187.0,30,130.612666
174.0,30,130.632417
192.0,30,130.739377
174.0,30,130.760232
179.0,30,130.783669
182.0,30,130.80685
192.0,30,130.829746
187.0,30,130.946771
169.0,30,130.969748
174.0,30,130.992942
158.0,30,131.014408
179.0,30,131.137119
182.0,30,131.162521
166.0,30,131.186712
114.0,12,131.196195
166.0,30,131.219656
179.0,30,131.331716
187.0,30,131.351284
147.0,30,131.375489
171.0,30,131.400988
139.0,30,131.537089
192.0,30,131.562869
171.0,30,131.587429
137.0,30,131.608678
111.0,30,131.729704
92.0,30,131.754795
187.0,30,131.780938
158.0,30,131.803892
166.0,30,131.938542
129.0,30,131.963212
169.0,30,131.987362
192.0,30,132.012248
192.0,30,132.035417
147.0,30,132.165643
187.0,30,132.189072
172.0,30,132.211677
177.0,30,132.234595
192.0,30,132.350078
171.0,30,132.373524
179.0,30,132.397774
187.0,30,132.423218
179.0,30,132.549853
192.0,30,132.575675
134.0,30,132.599643
192.0,30,132.624541
117.0,30,132.64959
100.0,30,132.774303
187.0,30,132.800044
147.0,30,132.824938
171.0,30,132.848179
192.0,30,132.97142
192.0,30,132.998415
155.0,30,133.0241
179.0,30,133.050333
155.0,30,133.179663
179.0,30,133.203602
187.0,30,133.227125
174.0,30,133.251803
187.0,30,133.370338
171.0,30,133.396944
187.0,30,133.430825
179.0,30,133.464006
159.0,30,133.491638
171.0,30,133.621435
179.0,30,133.645034
187.0,30,133.670043
171.0,30,133.695995
179.0,30,133.82311
179.0,30,133.848011
192.0,30,133.877625
187.0,30,133.905919
187.0,30,134.04348
147.0,30,134.069711
182.0,30,134.096581
155.0,30,134.122283
171.0,30,134.248054
142.0,30,134.271847
187.0,30,134.296427
140.0,30,134.319584
192.0,30,134.345164
192.0,30,134.476472
169.0,30,134.50148
158.0,30,134.525114
161.0,30,134.552521
192.0,30,134.717227
192.0,30,134.750181
166.0,30,134.784441
169.0,30,134.816652
179.0,30,134.981694
171.0,30,135.015927
171.0,30,135.047238
166.0,30,135.079988
169.0,30,135.226553
179.0,30,135.257745
171.0,30,135.286663
171.0,30,135.317416
166.0,30,135.344294
187.0,30,135.483745
171.0,30,135.511778
192.0,30,135.539743
153.0,30,135.566604
139.0,30,135.703507
192.0,30,135.731932
153.0,30,135.760383
179.0,30,135.79321
174.0,30,135.934596
187.0,30,135.993614
182.0,30,136.072885
187.0,30,136.121433
177.0,30,136.172366
150.0,30,136.599076
179.0,30,136.630144
192.0,30,136.65991
192.0,30,136.691927
182.0,30,136.842136
139.0,30,136.873054
171.0,30,136.902993
192.0,30,136.935861
161.0,30,137.099741
192.0,30,137.131147
192.0,30,137.164274
148.0,30,137.192402
171.0,30,137.330604
192.0,30,137.353663
192.0,30,137.378395
172.0,30,137.401674
147.0,30,137.425539
179.0,30,137.548227
166.0,30,137.571952
174.0,30,137.596644
163.0,30,137.619777
217.0,28,137.737624
158.0,30,137.760353
147.0,30,137.784066
163.0,30,137.807231
187.0,30,137.930152
151.0,30,137.953133
163.0,30,137.978646
161.0,30,138.018828
179.0,30,138.162645
172.0,30,138.186986
179.0,30,138.21022
171.0,30,138.233984
169.0,30,138.258476
192.0,30,138.384251
192.0,30,138.408439
192.0,30,138.433106
171.0,30,138.457433
192.0,30,138.581517
142.0,30,138.606878
182.0,30,138.630476
171.0,30,138.65362
158.0,30,138.778114
134.0,30,138.803503
187.0,30,138.827955
187.0,30,138.851139
166.0,30,138.875715
187.0,30,138.993718
182.0,30,139.018572
174.0,30,139.042391
179.0,30,139.06627
174.0,30,139.207797
171.0,30,139.235232
167.0,30,139.270712
153.0,30,139.324726
172.0,30,139.48747
192.0,30,139.516674
158.0,30,139.547884
179.0,30,139.572798
187.0,30,139.714515
187.0,30,139.744986
179.0,30,139.773787
182.0,30,139.803072
163.0,30,139.828203
192.0,30,139.963205
192.0,30,139.992909
179.0,30,140.01661
192.0,30,140.047315
192.0,30,140.208279
187.0,30,140.232725
192.0,30,140.260546
142.0,30,140.286436
145.0,30,140.423783
187.0,30,140.453291
174.0,30,140.479187
179.0,30,140.504911
147.0,30,140.62769
187.0,30,140.653739
171.0,30,140.680051
179.0,30,140.709248
187.0,30,140.734199
163.0,30,140.857364
147.0,30,140.88284
171.0,30,140.91312
163.0,30,140.938604
187.0,30,141.058791
166.0,30,141.082833
171.0,30,141.111924
182.0,30,141.137616
192.0,30,141.261955
171.0,30,141.285759
179.0,30,141.310473
182.0,30,141.334771
187.0,30,141.464328
192.0,30,141.489366
177.0,30,141.518695
192.0,30,141.543588
171.0,30,141.567637
187.0,30,141.695982
117.0,30,141.723465
187.0,30,141.754697
192.0,30,141.78384
143.0,30,141.91338
192.0,30,141.937321
192.0,30,141.964805
126.0,30,141.994081
174.0,30,142.153952
163.0,30,142.18418
179.0,30,142.210751
179.0,30,142.234084
177.0,30,142.257167
166.0,30,142.372014
174.0,30,142.39479
192.0,30,142.417723
166.0,30,142.44042
187.0,30,142.561381
134.0,30,142.584933
192.0,30,142.611083
179.0,30,142.634754
139.0,30,142.75953
192.0,30,142.782592
192.0,30,142.805669
192.0,30,142.82875
187.0,30,142.946526
179.0,30,142.969606
174.0,30,142.992836
187.0,30,143.014543
182.0,30,143.034296
174.0,30,143.149855
179.0,30,143.173342
169.0,30,143.198395
171.0,30,143.219462
179.0,30,143.323305
179.0,30,143.344167
171.0,30,143.365119
187.0,30,143.385672
192.0,30,143.504396
147.0,30,143.526555
166.0,30,143.549266
179.0,30,143.573273
179.0,30,143.685489
187.0,30,143.709364
177.0,30,143.731387
150.0,30,143.751739
192.0,30,143.773656
139.0,30,143.888145
179.0,30,143.911114
192.0,30,143.93367
171.0,30,143.956358
192.0,30,144.075738
171.0,30,144.099579
179.0,30,144.128093
187.0,30,144.15289
147.0,30,144.261631
171.0,30,144.282809
179.0,30,144.304369
171.0,30,144.325612
164.0,30,144.438173
182.0,30,144.458495
182.0,30,144.481693
171.0,30,144.501507
187.0,30,144.520287
174.0,30,144.63546
192.0,30,144.658606
192.0,30,144.679047
171.0,30,144.699957
171.0,30,144.814584
174.0,30,144.840087
179.0,30,144.869031
139.0,30,144.895612
155.0,30,145.020066
192.0,30,145.042571
179.0,30,145.065243
187.0,30,145.088567
155.0,30,145.117548
187.0,30,145.249917
179.0,30,145.273218
179.0,30,145.296992
171.0,30,145.321241
179.0,30,145.444457
139.0,30,145.469314
155.0,30,145.492963
182.0,30,145.516324
192.0,30,145.628676
179.0,30,145.649888
187.0,30,145.67332
171.0,30,145.698634
179.0,30,145.814104
192.0,30,145.837401
172.0,30,145.863399
166.0,30,145.884981
163.0,30,145.907967
192.0,30,146.025621
171.0,30,146.049859
179.0,30,146.074842
167.0,30,146.099916
187.0,30,146.219569
179.0,30,146.243558
172.0,30,146.267885
179.0,30,146.292285
158.0,30,146.403596
145.0,30,146.426665
171.0,30,146.447614
161.0,30,146.470145
192.0,30,146.579969
171.0,30,146.599103
139.0,30,146.620207
171.0,30,146.643365
179.0,30,146.664827
187.0,30,146.768404
155.0,30,146.791325
174.0,30,146.812535
171.0,30,146.835735
163.0,30,146.94977
192.0,30,146.972954
171.0,30,146.997372
171.0,30,147.018901
171.0,30,147.139005
161.0,30,147.165254
171.0,30,147.189403
179.0,30,147.209704
174.0,30,147.345173
158.0,30,147.369929
187.0,30,147.392384
187.0,30,147.412062
150.0,30,147.434822
187.0,30,147.535809
171.0,30,147.556284
187.0,30,147.576869
163.0,30,147.599872
171.0,30,147.705544
165.0,20,147.718784
182.0,30,147.73985
150.0,30,147.761345
153.0,30,147.783889
174.0,30,147.899785
192.0,30,147.92319
187.0,30,147.946547
174.0,30,147.970366
171.0,30,148.077478
171.0,30,148.097544
161.0,30,148.123156
145.0,30,148.147316
158.0,30,148.250191
187.0,30,148.270459
155.0,30,148.293074
162.0,30,148.315606
155.0,30,148.416828
161.0,30,148.436144
166.0,30,148.456652
177.0,30,148.475835
150.0,30,148.498661
87.0,30,148.601677
147.0,30,148.620671
166.0,30,148.641569
192.0,30,148.661283
146.0,30,148.7691
192.0,30,148.791335
192.0,30,148.811164
147.0,30,148.833127
192.0,30,148.940203
147.0,30,148.959766
182.0,30,148.98175
179.0,30,149.007171
169.0,30,149.125046
163.0,30,149.148964
171.0,30,149.171803
187.0,30,149.195533
192.0,30,149.218338
164.0,30,149.338479
174.0,30,149.361469
192.0,30,149.385923
169.0,30,149.408734
141.0,30,149.562261
177.0,30,149.585995
155.0,30,149.606481
123.0,30,149.628569
172.0,30,149.730492
187.0,30,149.749287
192.0,30,149.768136
131.0,30,149.7882
166.0,30,149.810533
147.0,30,149.918038
135.0,15,149.927689
192.0,30,149.946023
174.0,30,149.96517
192.0,30,150.071677
171.0,30,150.092159
182.0,30,150.11719
174.0,30,150.140886
192.0,30,150.163739
171.0,30,150.276822
192.0,30,150.299772
177.0,30,150.323422
182.0,30,150.344488
174.0,30,150.445228
171.0,30,150.464321
171.0,30,150.485529
155.0,30,150.508168
164.0,30,150.607946
179.0,30,150.628983
192.0,30,150.651166
166.0,30,150.672745
192.0,30,150.782418
187.0,30,150.80323
147.0,30,150.822593
153.0,30,150.845563
147.0,30,150.867399
192.0,30,150.963075
192.0,30,150.986112
169.0,30,151.008392
131.0,30,151.03154
182.0,30,151.147766
179.0,30,151.168771
169.0,30,151.190745
187.0,30,151.212414
179.0,30,151.316677
166.0,30,151.335441
179.0,30,151.355375
179.0,30,151.374626
187.0,30,151.482506
142.0,30,151.502934
137.0,30,151.522108
179.0,30,151.54279
156.0,30,151.564827
171.0,30,151.666308
187.0,30,151.688752
166.0,30,151.711695
179.0,30,151.731339
182.0,30,151.836226
192.0,30,151.857416
187.0,30,151.878208
187.0,30,151.900445
177.0,30,151.997794
179.0,30,152.018134
179.0,30,152.037177
166.0,30,152.05961
192.0,30,152.175371
150.0,30,152.195919
158.0,30,152.218833
179.0,30,152.24255
187.0,30,152.263422
192.0,30,152.365232
179.0,30,152.384125
179.0,30,152.402889
163.0,30,152.42609
192.0,30,152.541683
169.0,30,152.562006
177.0,30,152.581161
187.0,30,152.600303
171.0,30,152.705488
187.0,30,152.725595
179.0,30,152.747779
174.0,30,152.774865
177.0,30,152.799627
171.0,30,152.983778
182.0,30,153.004649
187.0,30,153.030236
153.0,30,153.053815
161.0,30,153.172952
166.0,30,153.195155
166.0,30,153.218006
179.0,30,153.241299
179.0,30,153.351858
192.0,30,153.375124
166.0,30,153.39821
147.0,30,153.421868
151.0,18,153.435532
172.0,30,153.554569
179.0,30,153.576071
157.0,30,153.598259
174.0,30,153.624116
171.0,30,153.741835
123.0,30,153.76546
156.0,30,153.790911
161.0,30,153.812527
192.0,30,153.938518
179.0,30,153.962553
85.0,6,153.96702
187.0,30,153.992167
127.0,30,154.015853
65.0,5,154.020332
179.0,30,154.149391
192.0,22,154.166204
187.0,30,154.186856
154.0,30,154.209367
163.0,30,154.231792
163.0,30,154.339041
171.0,30,154.358367
179.0,30,154.380276
171.0,30,154.402058
192.0,30,154.509721
199.0,23,154.52732
171.0,30,154.54728
161.0,30,154.569883
171.0,30,154.692747
179.0,30,154.717322
179.0,30,154.743077
179.0,30,154.768241
171.0,30,154.791479
179.0,30,154.921267
187.0,30,154.9453
166.0,30,154.967576
174.0,30,154.986839
166.0,30,155.113589
179.0,30,155.13938
174.0,30,155.164543
171.0,30,155.188202
179.0,30,155.302131
179.0,30,155.323771
166.0,30,155.347351
179.0,30,155.370438
187.0,30,155.393034
174.0,30,155.49196
192.0,30,155.511819
187.0,30,155.531552
171.0,30,155.550946
192.0,30,155.664569
192.0,30,155.687756
137.0,30,155.714037
163.0,30,155.736223
171.0,30,155.847384
156.0,30,155.870318
163.0,30,155.892926
166.0,30,155.914177
139.0,30,156.019777
174.0,30,156.039499
147.0,30,156.06154
171.0,30,156.085612
179.0,30,156.107718
151.0,18,156.217654
182.0,30,156.239865
163.0,30,156.263311
192.0,30,156.285413
187.0,30,156.404767
150.0,30,156.425672
169.0,18,156.437547
179.0,30,156.457201
192.0,30,156.476328
192.0,30,156.576366
192.0,30,156.595999
192.0,30,156.616075
205.0,25,156.635322
192.0,30,156.762897
123.0,30,156.786582
166.0,30,156.809872
192.0,30,156.833622
192.0,30,156.858457
187.0,30,156.99026
150.0,30,157.014039
171.0,30,157.037284
155.0,30,157.05948
179.0,30,157.180584
153.0,30,157.20649
171.0,30,157.229158
192.0,30,157.249598
177.0,30,157.36432
192.0,30,157.386806
182.0,30,157.410944
169.0,30,157.434417
179.0,30,157.554731
182.0,30,157.582108
192.0,30,157.606021
158.0,30,157.631816
179.0,30,157.655737
179.0,30,157.779128
179.0,30,157.802649
179.0,30,157.833338
171.0,30,157.869591
179.0,30,157.992459
192.0,30,158.015145
182.0,30,158.037078
187.0,30,158.059721
