#{"t_start": 1753632185.7505076, "env_id": "None"}
r,l,t
47.0,27,1.677543
-34.0,30,1.67954
53.0,17,1.687603
-48.0,30,1.689083
-30.0,30,1.695535
-45.0,30,1.696954
92.0,7,1.697337
54.0,16,1.698084
-48.0,30,1.70559
74.0,7,1.706076
-39.0,30,1.708739
-45.0,30,1.711268
-39.0,30,1.715955
60.0,22,1.717042
-45.0,30,1.71846
-48.0,30,1.71983
50.0,1,1.722944
-23.0,30,1.724944
-25.0,30,1.726967
-48.0,30,1.729473
-36.0,30,1.751225
-45.0,30,1.780446
-39.0,30,1.803466
-23.0,30,1.823271
-45.0,30,1.84626
46.0,24,1.862138
48.0,30,1.882557
63.0,5,1.885537
-45.0,30,1.912868
-48.0,30,1.933378
-42.0,30,1.952655
27.0,29,1.971835
-26.0,30,1.997619
68.0,16,2.007188
-48.0,30,2.023881
-25.0,30,2.047179
32.0,27,2.069354
-42.0,30,2.091924
41.0,21,2.107275
-48.0,30,2.129805
57.0,2,2.134103
89.0,8,2.140162
-45.0,30,2.163602
-45.0,30,2.183267
-48.0,30,2.208278
50.0,18,2.220874
-39.0,30,2.244656
-48.0,30,2.26486
-48.0,30,2.289613
55.0,22,2.304474
-6.0,30,2.329086
-45.0,30,2.345687
-25.0,30,2.371735
-26.0,30,2.393089
-48.0,30,2.417627
-42.0,30,2.438588
-48.0,30,2.463221
65.0,23,2.479226
-48.0,30,2.499568
-31.0,30,2.515939
85.0,20,2.534883
-48.0,30,2.557713
88.0,12,2.565259
-48.0,30,2.585618
-48.0,30,2.612151
53.0,15,2.6245
-48.0,30,2.64516
-48.0,30,2.665374
-39.0,30,2.689737
50.0,12,2.700243
47.0,23,2.71781
-12.0,30,2.739425
50.0,1,2.74653
-48.0,30,2.768609
-48.0,30,2.791948
-48.0,30,2.810622
102.0,20,2.828721
-48.0,30,2.852219
-48.0,30,2.873077
-45.0,30,2.893301
83.0,18,2.908046
101.0,18,2.923986
-42.0,30,2.944124
72.0,15,2.95509
47.0,30,2.979367
-21.0,30,3.000035
61.0,9,3.007147
62.0,6,3.011961
74.0,28,3.035913
-45.0,30,3.057313
-48.0,30,3.078285
-42.0,30,3.098049
-42.0,30,3.12524
57.0,2,3.125974
81.0,27,3.144238
-20.0,30,3.162605
-42.0,30,3.188321
-48.0,30,3.207864
-45.0,30,3.23205
-42.0,30,3.252433
10.0,30,3.278009
79.0,25,3.296757
-9.0,30,3.320624
87.0,24,3.337826
68.0,5,3.345992
-48.0,30,3.365471
-33.0,30,3.38574
-18.0,30,3.408855
-36.0,30,3.441618
57.0,2,3.441924
68.0,8,3.447935
86.0,17,3.459541
-3.0,30,3.484492
-19.0,30,3.506906
59.0,3,3.507612
55.0,7,3.513953
-48.0,30,3.538321
3.0,30,3.55744
-48.0,30,3.576314
-31.0,30,3.593378
-31.0,30,3.621728
61.0,12,3.629619
61.0,18,3.640103
66.0,7,3.646427
57.0,2,3.650535
73.0,24,3.666466
-45.0,30,3.688727
-25.0,30,3.706272
-18.0,30,3.731295
99.0,8,3.736756
-22.0,30,3.758339
24.0,29,3.781966
52.0,26,3.802842
57.0,22,3.821451
89.0,24,3.837181
57.0,2,3.83745
-45.0,30,3.864156
68.0,11,3.869336
-48.0,30,3.887682
-48.0,30,3.904655
21.0,29,3.927684
48.0,30,3.947209
-39.0,30,3.96966
50.0,15,3.980327
93.0,24,4.000337
72.0,21,4.019611
-33.0,30,4.039792
-45.0,30,4.062465
21.0,30,4.085552
50.0,1,4.086066
55.0,28,4.10549
-48.0,30,4.126508
-33.0,30,4.151353
-19.0,30,4.176944
-28.0,30,4.197682
11.0,30,4.216706
-48.0,30,4.237677
-31.0,30,4.263996
59.0,3,4.267668
67.0,28,4.290098
48.0,22,4.310654
-11.0,30,4.330446
63.0,16,4.341455
-12.0,30,4.359858
-45.0,30,4.384737
27.0,29,4.406882
-48.0,30,4.427214
66.0,4,4.430961
-48.0,30,4.457846
-36.0,30,4.478492
58.0,30,4.501867
-45.0,30,4.52151
-48.0,30,4.548297
-48.0,30,4.570049
50.0,1,4.572749
-37.0,30,4.59161
-48.0,30,4.619441
56.0,14,4.630169
76.0,8,4.636014
-48.0,30,4.656874
-36.0,30,4.682019
64.0,6,4.68784
82.0,13,4.698404
-5.0,30,4.718807
-48.0,30,4.747211
17.0,30,4.769071
62.0,8,4.77536
51.0,11,4.783106
-30.0,30,4.807627
-48.0,30,4.83253
-39.0,30,4.85543
62.0,6,4.859043
-36.0,30,4.882327
57.0,5,4.885174
55.0,10,4.892111
91.0,26,4.91465
50.0,1,4.91853
60.0,5,4.922997
-48.0,30,4.948572
70.0,17,4.959597
84.0,11,4.972182
55.0,21,4.988526
-48.0,30,5.008894
32.0,29,5.027269
-39.0,30,5.050504
73.0,11,5.058432
-36.0,30,5.084148
-31.0,30,5.10436
65.0,9,5.115503
49.0,19,5.130232
57.0,2,5.132847
69.0,10,5.139017
-4.0,30,5.168048
76.0,9,5.174786
-30.0,30,5.196791
92.0,7,5.203173
45.0,17,5.220025
62.0,6,5.232113
50.0,1,5.232418
-45.0,30,5.265692
-7.0,30,5.297182
-28.0,30,5.332863
-45.0,30,5.358895
-15.0,30,5.391967
52.0,10,5.403263
57.0,2,5.406372
75.0,12,5.418686
55.0,23,5.434804
-45.0,30,5.460303
78.0,20,5.473957
60.0,21,5.490092
-23.0,30,5.513634
51.0,29,5.537436
40.0,22,5.553097
54.0,8,5.559771
63.0,10,5.568471
50.0,12,5.581978
70.0,14,5.592203
55.0,13,5.606051
-48.0,30,5.626297
-42.0,30,5.650661
-48.0,30,5.671891
96.0,9,5.6781
-48.0,30,5.699783
-42.0,30,5.726484
-48.0,30,5.750561
41.0,24,5.76771
50.0,1,5.767886
59.0,30,5.796986
-34.0,30,5.821173
67.0,20,5.838428
73.0,14,5.851007
-48.0,30,5.875524
80.0,9,5.880884
76.0,12,5.890193
-45.0,30,5.913342
-31.0,30,5.941161
57.0,11,5.95075
62.0,12,5.961099
37.0,30,5.981236
53.0,17,5.999236
66.0,12,6.009945
63.0,5,6.01271
28.0,28,6.029508
57.0,5,6.037363
48.0,14,6.050235
84.0,14,6.060464
58.0,4,6.065469
29.0,30,6.095189
-48.0,30,6.115327
61.0,17,6.131133
55.0,7,6.135159
63.0,7,6.144806
57.0,16,6.158851
55.0,18,6.172112
-45.0,30,6.190024
-48.0,30,6.217608
49.0,19,6.230045
52.0,21,6.245047
57.0,5,6.248252
58.0,4,6.255053
77.0,23,6.272175
50.0,20,6.288179
61.0,4,6.291069
57.0,2,6.295293
76.0,17,6.308361
-45.0,30,6.331187
112.0,19,6.345653
-48.0,30,6.37013
61.0,9,6.378089
42.0,23,6.398614
-12.0,30,6.421567
-26.0,30,6.447451
44.0,18,6.46236
-48.0,30,6.483049
100.0,16,6.493731
74.0,21,6.511741
60.0,8,6.51677
-36.0,30,6.539509
57.0,5,6.54372
57.0,2,6.549858
73.0,9,6.556309
-48.0,30,6.57844
64.0,3,6.58122
64.0,6,6.591792
-30.0,30,6.614233
-13.0,30,6.634864
-39.0,30,6.653519
-37.0,30,6.681599
70.0,11,6.687137
59.0,3,6.690413
60.0,17,6.701729
50.0,1,6.707722
-48.0,30,6.729696
52.0,10,6.739559
53.0,25,6.757557
29.0,27,6.782999
72.0,17,6.795454
46.0,16,6.811546
55.0,10,6.818132
-45.0,30,6.843064
53.0,28,6.863718
63.0,13,6.874709
63.0,15,6.886628
57.0,29,6.909675
53.0,15,6.919769
65.0,8,6.925865
61.0,20,6.941468
60.0,10,6.952228
57.0,13,6.96367
-42.0,30,6.984205
-37.0,30,7.008372
50.0,1,7.011644
46.0,19,7.029068
80.0,12,7.037302
57.0,11,7.043683
-14.0,30,7.068921
47.0,18,7.084436
-45.0,30,7.108255
-36.0,30,7.130477
-48.0,30,7.159674
65.0,5,7.162869
57.0,16,7.175086
45.0,23,7.192919
76.0,8,7.20281
57.0,2,7.203035
59.0,6,7.209084
48.0,28,7.234098
50.0,12,7.248562
58.0,4,7.252758
56.0,18,7.268409
50.0,1,7.270872
-48.0,30,7.297355
67.0,11,7.30697
84.0,16,7.318691
54.0,11,7.327818
-42.0,30,7.351757
85.0,10,7.360142
50.0,1,7.360632
-39.0,30,7.382962
127.0,22,7.408387
-48.0,30,7.429621
57.0,5,7.435221
57.0,2,7.435837
60.0,5,7.444101
49.0,19,7.459601
-20.0,30,7.484391
92.0,7,7.487862
65.0,8,7.498883
57.0,5,7.504697
57.0,5,7.508624
60.0,19,7.524939
55.0,13,7.53942
46.0,19,7.554774
-18.0,30,7.574176
57.0,2,7.577162
51.0,11,7.588188
59.0,3,7.591743
69.0,10,7.601609
64.0,9,7.608094
50.0,1,7.611432
67.0,29,7.634604
49.0,13,7.647866
57.0,16,7.659235
-42.0,30,7.686672
43.0,25,7.706009
51.0,22,7.723259
7.0,30,7.743226
-48.0,30,7.771064
49.0,13,7.778603
48.0,23,7.797685
60.0,8,7.805119
49.0,25,7.828924
60.0,13,7.84101
62.0,17,7.855989
52.0,13,7.863854
-45.0,30,7.886294
47.0,15,7.898435
61.0,15,7.912845
10.0,30,7.935037
46.0,22,7.956217
76.0,16,7.969086
78.0,22,7.985646
54.0,11,7.994783
68.0,13,8.006524
64.0,14,8.018453
51.0,14,8.030404
65.0,8,8.037755
53.0,9,8.049092
-42.0,30,8.072612
-20.0,30,8.096599
23.0,30,8.119641
28.0,28,8.144843
58.0,4,8.147911
51.0,17,8.160309
-33.0,30,8.184826
71.0,22,8.206189
54.0,24,8.222667
56.0,6,8.228289
-12.0,30,8.250367
57.0,5,8.260188
56.0,6,8.264782
58.0,7,8.27104
61.0,4,8.274556
54.0,14,8.289029
96.0,9,8.29788
55.0,7,8.301971
21.0,29,8.324915
71.0,13,8.337481
71.0,4,8.340167
-42.0,30,8.362779
59.0,3,8.366687
59.0,3,8.37397
57.0,5,8.377386
55.0,7,8.384311
46.0,27,8.411306
55.0,15,8.426427
-20.0,30,8.449204
67.0,6,8.452305
57.0,2,8.455674
50.0,12,8.470443
87.0,26,8.486312
57.0,8,8.49271
53.0,18,8.508349
-34.0,30,8.536159
-25.0,30,8.557398
63.0,19,8.573063
43.0,19,8.586502
-22.0,30,8.612314
60.0,8,8.619815
59.0,22,8.634243
61.0,9,8.64244
75.0,19,8.660356
49.0,16,8.677234
89.0,8,8.683488
-7.0,30,8.710693
70.0,14,8.724237
54.0,14,8.736776
62.0,9,8.742678
57.0,2,8.74571
75.0,6,8.753317
58.0,20,8.769215
64.0,17,8.782922
66.0,4,8.786095
63.0,19,8.804792
56.0,9,8.812603
-39.0,30,8.837704
43.0,22,8.854193
-39.0,30,8.883975
56.0,18,8.895994
65.0,8,8.903182
67.0,6,8.91025
50.0,1,8.914514
58.0,4,8.918687
59.0,24,8.940783
64.0,3,8.944594
65.0,5,8.954752
-19.0,30,8.977959
-48.0,30,8.996674
59.0,3,8.999904
61.0,4,9.008453
94.0,8,9.015121
62.0,16,9.026841
147.0,21,9.041006
-21.0,30,9.069113
58.0,15,9.079666
57.0,8,9.086907
58.0,4,9.091164
44.0,29,9.126448
59.0,21,9.157712
70.0,6,9.168443
40.0,22,9.188433
63.0,16,9.205514
73.0,5,9.208705
50.0,28,9.23034
-39.0,30,9.251436
70.0,11,9.261377
88.0,10,9.269102
50.0,12,9.278566
60.0,19,9.295057
54.0,8,9.3093
52.0,10,9.31587
99.0,22,9.335757
-45.0,30,9.356581
61.0,7,9.366511
95.0,23,9.385237
52.0,10,9.395586
54.0,8,9.403385
56.0,6,9.413587
67.0,6,9.419135
60.0,5,9.423015
38.0,29,9.449421
57.0,13,9.463481
-11.0,30,9.487969
51.0,17,9.50472
57.0,5,9.5079
57.0,8,9.518164
61.0,20,9.535064
51.0,20,9.553042
60.0,8,9.560539
50.0,12,9.575653
56.0,28,9.598858
44.0,29,9.622
55.0,7,9.629072
57.0,22,9.648201
50.0,1,9.650887
57.0,19,9.663244
58.0,4,9.667061
51.0,30,9.69566
60.0,5,9.699544
50.0,1,9.700092
56.0,6,9.70664
59.0,11,9.718651
45.0,20,9.733807
-31.0,30,9.75463
57.0,2,9.757223
69.0,10,9.768916
66.0,7,9.774136
66.0,12,9.784464
71.0,8,9.791292
83.0,11,9.803525
63.0,11,9.810832
67.0,6,9.818913
-31.0,30,9.841181
77.0,12,9.854439
51.0,17,9.869292
56.0,12,9.888607
-48.0,30,9.906717
49.0,13,9.919663
50.0,20,9.937157
-39.0,30,9.958475
44.0,24,9.977596
57.0,2,9.981545
45.0,17,9.995505
-48.0,30,10.017662
61.0,7,10.023797
51.0,17,10.039886
60.0,19,10.057251
60.0,10,10.065537
33.0,28,10.089544
57.0,5,10.099718
50.0,1,10.100295
59.0,3,10.103728
24.0,29,10.124086
58.0,4,10.132502
38.0,30,10.154854
39.0,23,10.172575
57.0,2,10.175092
52.0,16,10.191011
1.0,30,10.211623
59.0,23,10.228744
55.0,13,10.237657
71.0,10,10.250167
29.0,29,10.27528
50.0,12,10.286373
49.0,22,10.301414
50.0,1,10.307019
72.0,9,10.313369
66.0,13,10.321582
53.0,9,10.330223
54.0,11,10.343756
-42.0,30,10.368944
50.0,15,10.38092
-33.0,30,10.410011
59.0,6,10.418631
73.0,15,10.433119
95.0,16,10.446509
57.0,5,10.450568
67.0,11,10.464879
50.0,12,10.473818
40.0,25,10.491896
63.0,15,10.504505
75.0,6,10.516349
72.0,17,10.529588
61.0,4,10.533621
61.0,10,10.540635
50.0,1,10.547501
63.0,18,10.563127
50.0,1,10.56337
-3.0,30,10.590585
112.0,21,10.608944
63.0,19,10.624207
43.0,25,10.643283
41.0,26,10.662881
55.0,13,10.679169
41.0,21,10.696234
62.0,11,10.706536
57.0,2,10.707407
55.0,21,10.731128
-42.0,30,10.753505
64.0,15,10.766787
60.0,5,10.770199
75.0,9,10.779757
76.0,8,10.788707
57.0,5,10.79411
57.0,5,10.7975
78.0,8,10.807229
58.0,4,10.810535
58.0,7,10.818168
54.0,8,10.825239
66.0,4,10.833217
59.0,3,10.834453
-42.0,30,10.8608
79.0,19,10.877983
67.0,14,10.891215
94.0,11,10.902907
57.0,2,10.903512
40.0,25,10.926938
80.0,6,10.93497
68.0,5,10.939286
59.0,3,10.943762
90.0,10,10.952882
57.0,11,10.963163
-30.0,30,10.987715
66.0,4,10.991033
56.0,6,10.99441
52.0,10,11.008379
61.0,4,11.011848
47.0,15,11.02494
53.0,12,11.035657
75.0,20,11.056254
56.0,9,11.0637
50.0,1,11.063893
48.0,14,11.076616
56.0,17,11.092465
69.0,22,11.110385
58.0,4,11.113977
46.0,16,11.125574
50.0,1,11.132086
56.0,9,11.139746
50.0,12,11.149812
82.0,10,11.157065
80.0,23,11.183198
-42.0,30,11.208895
73.0,5,11.212711
47.0,15,11.2266
49.0,13,11.247391
66.0,7,11.253406
54.0,11,11.259864
53.0,23,11.278157
60.0,5,11.28603
66.0,20,11.303976
65.0,5,11.310103
62.0,22,11.327614
51.0,22,11.351275
74.0,16,11.365244
57.0,11,11.372755
64.0,6,11.379279
70.0,18,11.394942
62.0,17,11.41614
59.0,3,11.417684
64.0,3,11.421644
65.0,22,11.449667
47.0,15,11.46275
69.0,15,11.474165
72.0,12,11.484379
57.0,2,11.491454
60.0,10,11.500102
50.0,1,11.500675
55.0,7,11.507291
55.0,13,11.52237
55.0,10,11.533555
59.0,3,11.536747
69.0,7,11.540906
64.0,9,11.557696
58.0,4,11.562646
44.0,18,11.58216
49.0,13,11.594438
58.0,4,11.603401
48.0,14,11.620694
75.0,26,11.640365
58.0,4,11.643384
55.0,7,11.652776
57.0,2,11.656463
56.0,9,11.662739
60.0,11,11.673523
52.0,10,11.683431
-11.0,30,11.708954
57.0,16,11.71986
58.0,13,11.730154
52.0,10,11.742643
64.0,6,11.7496
43.0,27,11.768924
62.0,11,11.776383
77.0,9,11.788635
56.0,6,11.791923
38.0,24,11.811397
54.0,8,11.818615
80.0,9,11.829041
56.0,17,11.842806
58.0,4,11.846705
50.0,1,11.847373
54.0,11,11.860691
53.0,9,11.867684
72.0,20,11.884548
73.0,16,11.899036
46.0,19,11.917245
51.0,14,11.929237
59.0,11,11.94235
57.0,2,11.943645
50.0,1,11.950635
46.0,16,11.961735
57.0,5,11.96576
54.0,14,11.976636
64.0,15,11.993217
59.0,9,11.999286
56.0,6,12.006407
56.0,6,12.010559
57.0,2,12.017148
49.0,13,12.0284
75.0,9,12.034499
57.0,2,12.037685
58.0,13,12.051114
63.0,16,12.06561
59.0,6,12.072561
47.0,15,12.083265
65.0,16,12.101855
51.0,11,12.112064
59.0,3,12.115506
63.0,14,12.126026
65.0,5,12.13589
56.0,6,12.14164
57.0,2,12.144811
63.0,13,12.15467
64.0,3,12.163524
53.0,12,12.173479
66.0,16,12.185907
57.0,2,12.186606
73.0,8,12.197734
62.0,23,12.218815
58.0,4,12.223061
57.0,2,12.223945
81.0,8,12.235579
58.0,4,12.240363
41.0,29,12.261757
58.0,7,12.266366
55.0,10,12.278097
53.0,9,12.285658
60.0,5,12.290182
56.0,9,12.299718
-45.0,30,12.327967
67.0,12,12.337014
83.0,9,12.343079
56.0,6,12.348986
68.0,5,12.356239
53.0,9,12.363236
57.0,2,12.366963
59.0,9,12.375207
90.0,13,12.39123
48.0,17,12.409841
53.0,12,12.423225
54.0,8,12.430779
60.0,8,12.442303
53.0,12,12.453841
50.0,1,12.454126
52.0,16,12.469842
56.0,17,12.487907
62.0,6,12.494796
59.0,3,12.495619
57.0,11,12.506009
50.0,1,12.510629
51.0,14,12.523792
57.0,2,12.524395
84.0,8,12.530663
57.0,5,12.540413
46.0,24,12.560456
37.0,25,12.580563
64.0,3,12.591641
59.0,3,12.596478
55.0,10,12.605389
71.0,10,12.612395
57.0,13,12.623194
73.0,5,12.632947
50.0,15,12.646636
71.0,13,12.657403
66.0,16,12.671273
58.0,4,12.679739
64.0,3,12.682495
47.0,15,12.693743
50.0,1,12.697724
58.0,10,12.709162
58.0,10,12.720842
78.0,14,12.732231
57.0,13,12.742572
58.0,4,12.750788
50.0,1,12.753999
57.0,20,12.770454
56.0,6,12.775734
81.0,8,12.786626
51.0,17,12.800285
57.0,2,12.803447
52.0,10,12.810745
77.0,15,12.825491
47.0,18,12.840652
64.0,6,12.844135
79.0,13,12.85474
79.0,19,12.875434
65.0,5,12.878874
55.0,7,12.886341
60.0,11,12.896121
68.0,19,12.914822
66.0,30,12.93584
61.0,4,12.938829
69.0,26,12.961393
75.0,20,12.983486
63.0,10,12.99213
54.0,11,13.00227
59.0,3,13.005807
68.0,11,13.016275
44.0,26,13.03991
43.0,19,13.057386
56.0,14,13.070652
75.0,6,13.080881
58.0,7,13.086439
57.0,5,13.093149
66.0,4,13.09786
70.0,9,13.110207
61.0,12,13.122618
56.0,9,13.130997
49.0,13,13.139589
49.0,13,13.154216
110.0,25,13.173076
57.0,8,13.17929
59.0,3,13.183169
57.0,5,13.191115
57.0,2,13.192108
59.0,3,13.195552
50.0,20,13.211866
103.0,17,13.2303
59.0,9,13.241321
57.0,2,13.241969
59.0,9,13.247978
57.0,2,13.255141
60.0,16,13.266733
55.0,10,13.273394
58.0,10,13.281772
64.0,6,13.290239
66.0,13,13.300886
51.0,11,13.308942
59.0,6,13.314586
50.0,1,13.318765
50.0,1,13.319391
76.0,8,13.326237
83.0,9,13.334027
60.0,5,13.342025
46.0,16,13.35679
65.0,5,13.360021
60.0,5,13.363381
73.0,8,13.375145
54.0,16,13.389896
50.0,1,13.39293
56.0,6,13.397198
50.0,1,13.401056
88.0,28,13.428033
81.0,8,13.436087
64.0,12,13.447328
57.0,2,13.454628
57.0,5,13.458532
53.0,17,13.473542
59.0,3,13.476878
50.0,1,13.480831
50.0,1,13.483891
57.0,5,13.488158
57.0,5,13.491913
50.0,1,13.495882
57.0,5,13.501547
33.0,26,13.520287
57.0,5,13.524039
57.0,5,13.53319
48.0,14,13.543825
60.0,5,13.547478
67.0,6,13.552567
56.0,14,13.567731
55.0,19,13.585677
74.0,7,13.594168
73.0,8,13.601313
73.0,8,13.611709
46.0,16,13.624861
64.0,3,13.627599
57.0,2,13.628467
57.0,19,13.649826
58.0,12,13.660372
59.0,3,13.664258
66.0,4,13.668335
56.0,6,13.67718
66.0,4,13.681182
86.0,28,13.704993
64.0,3,13.708279
59.0,17,13.726326
59.0,14,13.740398
57.0,13,13.751193
45.0,20,13.766298
48.0,14,13.780278
50.0,1,13.783835
59.0,3,13.785136
60.0,5,13.791642
50.0,1,13.795745
59.0,6,13.800169
46.0,16,13.813006
66.0,4,13.816358
46.0,16,13.835604
53.0,12,13.846925
71.0,4,13.850199
90.0,10,13.859053
63.0,7,13.869491
56.0,9,13.877345
66.0,4,13.880934
50.0,1,13.881433
67.0,15,13.898259
57.0,8,13.905532
58.0,4,13.909971
59.0,3,13.913596
58.0,4,13.921543
58.0,4,13.925928
59.0,6,13.930975
69.0,10,13.941268
60.0,5,13.949699
57.0,5,13.954358
59.0,9,13.969431
61.0,4,13.973439
55.0,24,13.998448
70.0,8,14.006108
56.0,9,14.015654
64.0,6,14.019458
54.0,8,14.029639
57.0,11,14.039438
55.0,7,14.046757
65.0,5,14.051166
83.0,9,14.063461
75.0,14,14.079628
56.0,20,14.098588
61.0,18,14.113955
73.0,5,14.121739
67.0,9,14.130579
59.0,3,14.131561
57.0,5,14.137169
55.0,10,14.150252
50.0,1,14.150769
58.0,4,14.154047
61.0,4,14.157951
45.0,17,14.178191
55.0,7,14.183182
58.0,13,14.19593
94.0,8,14.201645
52.0,27,14.225163
64.0,6,14.232182
66.0,4,14.23593
58.0,4,14.23992
68.0,8,14.251321
57.0,2,14.25228
52.0,13,14.265061
53.0,9,14.273475
60.0,5,14.280844
78.0,14,14.294347
54.0,8,14.301731
76.0,10,14.308652
58.0,7,14.319659
58.0,7,14.326659
53.0,9,14.333915
57.0,5,14.339054
56.0,6,14.349889
53.0,17,14.365764
61.0,9,14.374325
58.0,4,14.377957
59.0,17,14.396969
57.0,5,14.403931
58.0,4,14.408561
59.0,3,14.410305
68.0,8,14.423741
81.0,8,14.43117
55.0,7,14.438306
64.0,6,14.445765
59.0,3,14.450643
50.0,1,14.454329
62.0,8,14.460896
56.0,6,14.46505
50.0,1,14.468733
53.0,18,14.484062
60.0,5,14.488474
30.0,29,14.514138
56.0,6,14.523624
53.0,12,14.531982
52.0,10,14.541029
59.0,3,14.544695
61.0,4,14.552426
53.0,24,14.57244
55.0,7,14.578282
64.0,26,14.595666
58.0,4,14.603549
62.0,9,14.614877
58.0,4,14.618217
59.0,15,14.628476
58.0,4,14.636572
62.0,6,14.644527
55.0,13,14.656536
88.0,9,14.663734
52.0,10,14.678353
54.0,8,14.685187
57.0,2,14.685876
62.0,8,14.692889
59.0,3,14.710435
57.0,5,14.716564
53.0,12,14.734247
65.0,5,14.745371
60.0,17,14.765518
50.0,12,14.777618
59.0,3,14.780883
71.0,13,14.789065
58.0,7,14.799964
58.0,4,14.80411
57.0,16,14.818729
64.0,6,14.823049
56.0,6,14.834193
59.0,3,14.83583
64.0,9,14.846307
-39.0,30,14.869545
58.0,4,14.877538
60.0,5,14.882269
57.0,8,14.890946
50.0,1,14.89392
73.0,5,14.902156
59.0,3,14.906078
65.0,5,14.910548
48.0,14,14.921112
55.0,7,14.931606
58.0,10,14.940576
75.0,6,14.944455
65.0,5,14.947454
20.0,30,14.978702
57.0,2,14.979746
58.0,4,14.983763
58.0,4,14.988005
73.0,5,14.99864
58.0,4,15.002872
66.0,4,15.006726
55.0,10,15.014969
59.0,3,15.023362
55.0,7,15.029292
59.0,3,15.030345
63.0,18,15.046143
50.0,1,15.049906
57.0,5,15.054739
68.0,13,15.069743
55.0,7,15.075987
57.0,13,15.094186
59.0,3,15.09569
58.0,4,15.099624
50.0,1,15.102401
56.0,6,15.11131
59.0,3,15.114869
59.0,3,15.118045
59.0,6,15.122955
59.0,6,15.13325
55.0,10,15.141452
59.0,3,15.144099
57.0,19,15.163213
57.0,2,15.167752
61.0,7,15.174614
58.0,12,15.185725
79.0,25,15.204994
51.0,11,15.21948
66.0,7,15.226141
52.0,13,15.234902
56.0,6,15.239376
63.0,7,15.249682
52.0,10,15.260815
54.0,11,15.268947
61.0,12,15.278825
83.0,9,15.29095
57.0,5,15.294432
69.0,12,15.302226
77.0,10,15.308142
56.0,6,15.329425
63.0,7,15.335288
68.0,5,15.338666
54.0,8,15.346358
50.0,1,15.350328
29.0,29,15.373201
57.0,13,15.387218
60.0,16,15.402391
65.0,5,15.41236
55.0,7,15.419869
60.0,13,15.431937
71.0,7,15.439278
57.0,5,15.447133
59.0,3,15.449867
61.0,9,15.458089
55.0,15,15.471058
57.0,2,15.47525
56.0,6,15.482499
71.0,10,15.490865
66.0,4,15.494858
62.0,17,15.512589
50.0,12,15.524532
59.0,3,15.528135
66.0,4,15.532301
74.0,7,15.543539
50.0,1,15.54411
71.0,4,15.547791
54.0,14,15.562793
69.0,9,15.574212
59.0,3,15.576507
70.0,11,15.583325
57.0,5,15.591139
63.0,7,15.598773
65.0,8,15.607014
62.0,6,15.613775
58.0,4,15.618086
57.0,2,15.623585
57.0,8,15.629393
69.0,7,15.635353
63.0,10,15.645322
62.0,11,15.6576
70.0,8,15.664096
57.0,2,15.666924
50.0,1,15.667384
50.0,15,15.68607
51.0,23,15.707802
56.0,9,15.715367
58.0,10,15.723265
66.0,4,15.7303
65.0,5,15.737382
31.0,28,15.761616
46.0,16,15.774208
59.0,3,15.779054
53.0,9,15.790557
54.0,11,15.798828
69.0,9,15.808851
56.0,9,15.820891
61.0,4,15.824197
63.0,10,15.832253
49.0,16,15.845276
54.0,8,15.857132
66.0,4,15.860555
70.0,9,15.871108
55.0,7,15.875216
62.0,8,15.885744
28.0,28,15.909266
57.0,5,15.914933
59.0,3,15.916656
69.0,7,15.931239
66.0,15,15.944491
69.0,10,15.951129
50.0,1,15.954398
60.0,10,15.964435
57.0,2,15.967219
56.0,6,15.971888
59.0,3,15.975823
60.0,5,15.983809
50.0,1,15.984362
57.0,5,15.991158
65.0,13,16.000005
57.0,5,16.010251
52.0,10,16.020806
59.0,3,16.022496
61.0,4,16.025861
58.0,4,16.034507
61.0,12,16.044489
58.0,4,16.0481
57.0,5,16.055263
59.0,3,16.059798
78.0,8,16.065603
50.0,1,16.069699
58.0,4,16.074201
59.0,6,16.083562
57.0,2,16.087122
49.0,16,16.101186
51.0,11,16.109187
68.0,8,16.120764
59.0,3,16.124479
71.0,8,16.13206
69.0,10,16.142437
54.0,8,16.153786
39.0,23,16.171657
55.0,7,16.178347
56.0,6,16.187321
56.0,17,16.207144
65.0,16,16.222381
48.0,17,16.234323
56.0,6,16.240191
50.0,1,16.24521
58.0,10,16.25323
61.0,7,16.259637
57.0,5,16.264305
65.0,8,16.275425
65.0,18,16.291325
54.0,8,16.299439
54.0,8,16.306977
50.0,1,16.310833
67.0,9,16.317806
57.0,2,16.320985
50.0,1,16.321573
81.0,14,16.338905
59.0,3,16.339556
54.0,8,16.346513
50.0,1,16.349173
57.0,2,16.354302
46.0,25,16.373658
64.0,12,16.385703
55.0,7,16.391963
56.0,6,16.404882
50.0,1,16.405631
55.0,13,16.42072
55.0,7,16.427803
50.0,1,16.432653
58.0,7,16.439212
57.0,2,16.440097
61.0,12,16.452444
67.0,11,16.467413
59.0,14,16.480926
60.0,5,16.484741
45.0,17,16.498505
57.0,8,16.507773
49.0,13,16.519249
88.0,15,16.532728
50.0,1,16.532962
58.0,4,16.54112
67.0,6,16.54886
73.0,8,16.556856
54.0,11,16.56888
56.0,6,16.576926
75.0,9,16.584977
50.0,1,16.587947
56.0,6,16.592781
57.0,5,16.602167
52.0,10,16.6103
57.0,2,16.610976
59.0,6,16.617671
51.0,17,16.636777
58.0,7,16.642874
71.0,10,16.650709
54.0,17,16.66684
54.0,8,16.67697
50.0,1,16.67749
57.0,5,16.681194
74.0,7,16.689031
56.0,12,16.70798
50.0,1,16.708559
59.0,6,16.716723
83.0,10,16.724257
58.0,4,16.733007
59.0,6,16.739213
50.0,15,16.750568
59.0,6,16.75601
50.0,1,16.759903
62.0,8,16.768075
50.0,1,16.768666
65.0,8,16.776244
80.0,12,16.79112
58.0,22,16.811128
54.0,14,16.822353
73.0,14,16.8355
58.0,4,16.843119
64.0,6,16.847635
54.0,8,16.855643
59.0,3,16.859293
57.0,2,16.866876
59.0,3,16.867883
99.0,15,16.881278
62.0,19,16.899126
71.0,21,16.919791
77.0,18,16.937695
57.0,5,16.941119
57.0,2,16.941672
56.0,6,16.9534
52.0,10,16.961321
56.0,9,16.973226
57.0,5,16.977786
59.0,3,16.985559
66.0,4,16.989542
59.0,14,17.00186
59.0,3,17.005487
51.0,11,17.020163
58.0,4,17.024985
52.0,10,17.03272
66.0,4,17.036577
63.0,7,17.048492
58.0,4,17.05258
51.0,14,17.063968
54.0,14,17.08008
56.0,6,17.089092
50.0,1,17.09175
66.0,7,17.096412
54.0,8,17.104832
55.0,7,17.114488
57.0,5,17.118098
52.0,13,17.130885
62.0,9,17.138308
57.0,5,17.146507
51.0,11,17.158043
63.0,10,17.167131
58.0,4,17.171331
64.0,14,17.186249
67.0,12,17.197831
61.0,7,17.205643
64.0,3,17.206861
64.0,3,17.213971
50.0,1,17.214526
62.0,8,17.222847
50.0,12,17.232342
53.0,17,17.251964
55.0,7,17.25767
58.0,7,17.264815
56.0,9,17.271615
60.0,5,17.280408
50.0,1,17.280915
55.0,7,17.288932
54.0,8,17.296177
50.0,21,17.316951
59.0,3,17.321218
61.0,4,17.324558
58.0,4,17.32786
59.0,11,17.340675
59.0,9,17.350873
65.0,5,17.355243
57.0,5,17.359838
56.0,6,17.370283
55.0,10,17.378225
53.0,17,17.392302
59.0,3,17.396191
65.0,8,17.408038
64.0,3,17.411896
55.0,7,17.421949
60.0,5,17.426034
52.0,13,17.442949
54.0,11,17.455569
64.0,12,17.465177
51.0,11,17.476053
58.0,7,17.484811
59.0,3,17.489266
59.0,14,17.50203
58.0,7,17.506664
46.0,16,17.525068
59.0,3,17.527889
57.0,8,17.535632
47.0,15,17.549744
81.0,13,17.564389
20.0,30,17.591268
57.0,5,17.595171
50.0,1,17.595672
60.0,23,17.618627
-24.0,30,17.639584
58.0,10,17.648419
55.0,7,17.654555
60.0,8,17.664815
57.0,2,17.665082
45.0,17,17.677471
55.0,7,17.683397
58.0,7,17.695454
50.0,1,17.695956
78.0,5,17.699139
50.0,1,17.701544
58.0,4,17.71042
104.0,14,17.721976
63.0,8,17.730061
55.0,10,17.741957
58.0,4,17.750087
165.0,23,17.770661
68.0,16,17.786733
-36.0,30,17.81623
-48.0,30,17.84879
34.0,30,17.879701
67.0,12,17.890754
66.0,25,17.912189
57.0,2,17.918883
61.0,7,17.924234
-24.0,30,17.954296
64.0,3,17.957804
-30.0,30,17.987662
39.0,30,18.016249
-24.0,30,18.041289
-18.0,30,18.080822
108.0,10,18.091425
-9.0,30,18.120201
100.0,10,18.129006
106.0,9,18.137213
66.0,4,18.144821
99.0,17,18.163068
107.0,30,18.186362
59.0,11,18.195309
152.0,30,18.225642
41.0,30,18.255345
57.0,2,18.255928
64.0,3,18.258519
52.0,10,18.271188
-15.0,30,18.29699
85.0,12,18.308069
58.0,22,18.330989
59.0,30,18.359695
2.0,30,18.38725
170.0,21,18.403127
99.0,8,18.414577
-48.0,30,18.44616
-18.0,30,18.474179
-12.0,30,18.497383
-15.0,30,18.521885
-24.0,30,18.550187
59.0,3,18.553572
81.0,25,18.572215
18.0,30,18.60128
-12.0,30,18.633651
46.0,30,18.663846
3.0,30,18.691027
-12.0,30,18.721251
5.0,30,18.754721
-9.0,30,18.779289
-25.0,30,18.801216
-45.0,30,18.826627
-27.0,30,18.859423
-12.0,30,18.887782
-2.0,30,18.91291
-21.0,30,18.94067
-48.0,30,18.975187
-21.0,30,19.003702
-15.0,30,19.030726
-27.0,30,19.057851
-2.0,30,19.09274
57.0,2,19.095907
-6.0,30,19.121372
-28.0,30,19.150965
-24.0,30,19.183669
-30.0,30,19.214812
-24.0,30,19.23934
-19.0,30,19.267235
-27.0,30,19.295891
-30.0,30,19.322551
-27.0,30,19.349343
9.0,30,19.377521
-18.0,30,19.410602
-48.0,30,19.443738
-48.0,30,19.47319
169.0,18,19.491197
-24.0,30,19.523109
50.0,1,19.525936
-9.0,30,19.548047
12.0,30,19.574774
-42.0,30,19.608179
-48.0,30,19.638981
25.0,30,19.662118
-48.0,30,19.689221
-39.0,30,19.721648
6.0,30,19.747036
-9.0,30,19.770398
-36.0,30,19.795363
-16.0,30,19.825646
-42.0,30,19.855083
-45.0,30,19.880562
-9.0,30,19.906985
-48.0,30,19.939981
78.0,8,19.946538
-21.0,30,19.974018
167.0,21,19.993811
20.0,30,20.026819
-24.0,30,20.053257
76.0,10,20.059974
-16.0,30,20.088772
-48.0,30,20.120445
76.0,19,20.138609
-3.0,30,20.166802
78.0,30,20.19091
50.0,1,20.194575
28.0,30,20.224068
-6.0,30,20.252943
-9.0,30,20.280302
-8.0,30,20.345846
-48.0,30,20.382895
54.0,30,20.407567
60.0,30,20.437853
-45.0,30,20.470595
-3.0,30,20.496693
-11.0,30,20.518629
-7.0,30,20.542566
-45.0,30,20.574414
-42.0,30,20.604607
-48.0,30,20.630054
-12.0,30,20.661076
-12.0,30,20.692103
50.0,1,20.695006
-1.0,30,20.724185
179.0,30,20.749838
-7.0,30,20.780951
-1.0,30,20.810421
-4.0,30,20.83425
34.0,30,20.865172
-33.0,30,20.896619
97.0,13,20.907856
78.0,5,20.914582
-15.0,30,20.941988
106.0,30,20.976828
-18.0,30,21.001801
-6.0,30,21.032936
55.0,23,21.052162
70.0,30,21.084979
3.0,30,21.110151
131.0,17,21.127954
77.0,10,21.135728
60.0,30,21.168945
-15.0,30,21.195207
121.0,28,21.22065
200.0,30,21.250955
-30.0,30,21.285119
108.0,13,21.295151
-48.0,30,21.324508
-1.0,30,21.349985
80.0,27,21.381713
111.0,26,21.405492
192.0,28,21.433395
84.0,11,21.443867
164.0,30,21.48438
-30.0,30,21.514168
63.0,30,21.543967
75.0,6,21.548843
-9.0,30,21.584822
-27.0,30,21.612696
56.0,30,21.64595
123.0,14,21.657378
-4.0,30,21.703458
63.0,20,21.725667
-33.0,30,21.752458
-27.0,30,21.782671
62.0,30,21.815203
120.0,11,21.827725
143.0,23,21.850954
-7.0,30,21.87624
6.0,30,21.908721
82.0,7,21.916326
50.0,12,21.927884
217.0,26,21.950017
120.0,25,21.979153
56.0,14,21.994663
37.0,30,22.019114
76.0,11,22.029697
75.0,6,22.038812
-18.0,30,22.067349
94.0,21,22.086909
102.0,14,22.101088
9.0,30,22.132406
-33.0,30,22.165448
80.0,6,22.169355
-45.0,30,22.196634
179.0,30,22.23258
82.0,30,22.262685
62.0,30,22.286367
62.0,30,22.31413
112.0,30,22.34778
72.0,6,22.354755
110.0,11,22.364326
82.0,7,22.368168
130.0,23,22.392408
66.0,10,22.403684
167.0,21,22.422854
148.0,22,22.445018
-45.0,30,22.484184
64.0,3,22.487957
78.0,20,22.507351
57.0,2,22.508064
65.0,30,22.541559
58.0,4,22.544946
-48.0,30,22.56898
180.0,21,22.589067
64.0,3,22.596414
109.0,30,22.629522
70.0,30,22.655553
99.0,8,22.663665
-48.0,30,22.700967
111.0,23,22.719025
106.0,12,22.730702
105.0,15,22.746429
172.0,30,22.780307
86.0,30,22.807728
88.0,15,22.821581
10.0,30,22.848355
-25.0,30,22.884607
121.0,18,22.900404
26.0,30,22.929838
92.0,22,22.950181
162.0,26,22.979416
133.0,25,23.000831
93.0,30,23.031881
86.0,12,23.043868
112.0,16,23.06321
66.0,4,23.066607
76.0,30,23.0951
49.0,30,23.129069
65.0,8,23.140969
212.0,28,23.173249
106.0,12,23.184972
62.0,30,23.211372
233.0,30,23.246726
92.0,11,23.254637
51.0,17,23.269137
86.0,12,23.279314
139.0,27,23.308191
60.0,5,23.313928
191.0,23,23.334187
65.0,30,23.361918
82.0,30,23.39662
52.0,30,23.430288
139.0,25,23.457617
119.0,30,23.487991
92.0,14,23.50402
72.0,30,23.535654
113.0,30,23.563804
173.0,20,23.583052
87.0,30,23.619864
119.0,21,23.637336
51.0,30,23.662669
155.0,16,23.675598
81.0,30,23.712956
129.0,30,23.74276
86.0,8,23.750233
182.0,30,23.781196
59.0,3,23.787906
90.0,22,23.810025
101.0,30,23.842562
169.0,30,23.869713
182.0,30,23.905808
88.0,10,23.914017
87.0,30,23.942575
172.0,21,23.962337
66.0,12,23.98038
58.0,4,23.984396
92.0,7,23.992041
46.0,30,24.021233
95.0,10,24.035342
100.0,30,24.065556
123.0,29,24.09114
74.0,10,24.102072
182.0,30,24.136335
6.0,30,24.168103
134.0,25,24.191064
81.0,14,24.207757
167.0,28,24.239929
130.0,21,24.257752
174.0,30,24.287203
79.0,7,24.293824
78.0,5,24.301908
100.0,10,24.31356
64.0,3,24.317011
-48.0,30,24.344386
187.0,30,24.381124
91.0,15,24.393516
192.0,30,24.424728
110.0,15,24.438714
166.0,30,24.477669
171.0,30,24.507127
66.0,4,24.510139
100.0,18,24.523602
128.0,23,24.549805
107.0,14,24.562274
108.0,10,24.572093
205.0,28,24.595386
124.0,13,24.611208
61.0,7,24.618341
179.0,30,24.649985
153.0,30,24.682477
133.0,15,24.701219
150.0,16,24.714492
67.0,6,24.721144
82.0,30,24.751349
153.0,30,24.783916
143.0,30,24.811886
104.0,30,24.839247
115.0,11,24.848814
64.0,3,24.856414
-48.0,30,24.893015
80.0,6,24.89975
116.0,30,24.928451
102.0,22,24.951171
136.0,17,24.96832
113.0,30,24.997561
84.0,11,25.009348
165.0,28,25.039895
126.0,30,25.068475
221.0,27,25.091335
147.0,30,25.122354
199.0,26,25.150938
166.0,19,25.171423
171.0,22,25.191582
155.0,16,25.205483
135.0,30,25.237157
174.0,30,25.265471
64.0,6,25.270326
72.0,6,25.278668
155.0,19,25.297522
166.0,30,25.326344
84.0,8,25.334969
184.0,25,25.359576
113.0,13,25.374218
162.0,20,25.396017
93.0,9,25.404855
187.0,30,25.432742
91.0,11,25.450838
179.0,30,25.482487
95.0,10,25.494893
87.0,30,25.519215
139.0,30,25.554681
192.0,30,25.58253
143.0,15,25.596244
129.0,30,25.624987
158.0,30,25.659384
99.0,11,25.669244
73.0,26,25.690231
127.0,15,25.706171
92.0,10,25.721275
142.0,30,25.751701
81.0,8,25.760259
167.0,26,25.787704
128.0,14,25.804922
129.0,30,25.835777
217.0,26,25.862134
137.0,30,25.893547
161.0,24,25.921568
172.0,30,25.951964
-48.0,30,25.984658
56.0,6,25.988857
187.0,30,26.025658
159.0,30,26.053249
122.0,15,26.069169
166.0,30,26.094875
179.0,30,26.134085
178.0,20,26.155979
182.0,30,26.183689
-48.0,30,26.211974
187.0,30,26.257756
182.0,30,26.288071
-48.0,30,26.317142
181.0,23,26.339333
166.0,30,26.37402
171.0,30,26.402942
150.0,30,26.431332
177.0,30,26.460448
93.0,9,26.472933
106.0,30,26.505376
67.0,6,26.509418
-48.0,30,26.53692
159.0,24,26.564506
150.0,30,26.59262
179.0,30,26.622168
117.0,12,26.631868
166.0,30,26.662924
163.0,30,26.693859
73.0,13,26.705681
186.0,23,26.729762
212.0,28,26.76121
166.0,30,26.792357
135.0,15,26.808838
179.0,30,26.841148
193.0,24,26.869823
192.0,30,26.896003
182.0,30,26.927485
-48.0,30,26.956436
142.0,30,26.991999
175.0,21,27.009509
-48.0,30,27.035314
163.0,22,27.057066
129.0,13,27.074332
69.0,9,27.08199
78.0,8,27.090755
169.0,30,27.123111
182.0,30,27.156598
85.0,6,27.162995
174.0,30,27.19141
171.0,30,27.223201
192.0,30,27.253609
171.0,30,27.287586
-48.0,30,27.317117
-48.0,30,27.347655
166.0,30,27.384518
161.0,30,27.415476
114.0,12,27.425627
162.0,17,27.441894
174.0,30,27.483237
120.0,11,27.493079
53.0,29,27.520158
72.0,6,27.524102
187.0,30,27.562553
192.0,30,27.594074
174.0,30,27.621839
166.0,30,27.646821
166.0,30,27.684645
166.0,30,27.712405
94.0,8,27.719118
171.0,30,27.745607
182.0,30,27.779278
174.0,30,27.811703
187.0,30,27.84218
139.0,30,27.873434
197.0,29,27.909661
179.0,30,27.936113
179.0,30,27.966666
41.0,30,27.995898
150.0,30,28.033558
179.0,30,28.059404
171.0,30,28.090844
174.0,30,28.122627
229.0,29,28.15629
157.0,17,28.173889
171.0,30,28.205292
169.0,30,28.237563
187.0,30,28.271744
192.0,30,28.304672
179.0,30,28.335156
171.0,30,28.365536
105.0,11,28.382318
155.0,30,28.412452
155.0,30,28.443205
134.0,30,28.474892
166.0,30,28.513865
179.0,30,28.542753
190.0,21,28.562376
147.0,30,28.59455
179.0,30,28.630056
165.0,20,28.649024
187.0,30,28.677574
174.0,30,28.702967
171.0,30,28.741071
218.0,25,28.765648
187.0,30,28.793971
233.0,30,28.81979
209.0,30,28.857271
192.0,30,28.888441
238.0,30,28.914855
179.0,30,28.941971
198.0,24,28.971221
147.0,30,28.998876
139.0,30,29.028597
192.0,30,29.056325
135.0,15,29.076028
171.0,30,29.106151
187.0,30,29.161863
171.0,30,29.194369
192.0,30,29.231266
163.0,30,29.258037
182.0,30,29.282934
179.0,30,29.309727
163.0,30,29.341576
187.0,30,29.369541
163.0,30,29.396744
166.0,30,29.424356
179.0,30,29.464291
155.0,30,29.497751
85.0,9,29.506354
86.0,8,29.514324
179.0,30,29.551936
171.0,30,29.579059
187.0,30,29.611119
171.0,30,29.639199
134.0,30,29.67816
179.0,30,29.708561
179.0,30,29.74087
140.0,16,29.755128
187.0,30,29.790924
192.0,30,29.823599
187.0,30,29.854542
171.0,30,29.884447
179.0,30,29.916899
192.0,30,29.949147
187.0,30,29.97788
179.0,30,30.00939
179.0,30,30.043694
192.0,30,30.071743
174.0,30,30.100201
187.0,30,30.130172
192.0,30,30.165722
139.0,30,30.198793
187.0,30,30.225199
192.0,30,30.255154
171.0,30,30.291282
178.0,20,30.31488
155.0,30,30.347974
187.0,30,30.373456
179.0,30,30.412546
174.0,30,30.441225
179.0,30,30.477448
85.0,6,30.482465
192.0,30,30.52016
176.0,19,30.535383
179.0,30,30.568027
179.0,30,30.594394
174.0,30,30.632234
187.0,30,30.658522
192.0,30,30.688607
107.0,30,30.714509
179.0,30,30.75257
163.0,30,30.779456
187.0,30,30.807315
179.0,30,30.833493
139.0,30,30.870113
171.0,30,30.901086
187.0,30,30.932932
192.0,30,30.961071
147.0,30,31.001062
163.0,30,31.026729
171.0,30,31.058035
171.0,30,31.088172
185.0,28,31.124855
171.0,30,31.155477
182.0,30,31.18489
171.0,30,31.213412
187.0,30,31.247528
182.0,30,31.276302
179.0,30,31.303942
179.0,30,31.335674
171.0,30,31.370762
166.0,30,31.403589
141.0,14,31.415615
134.0,30,31.444615
192.0,30,31.484849
163.0,30,31.516343
179.0,30,31.543713
179.0,30,31.570987
192.0,30,31.60668
155.0,30,31.63734
179.0,30,31.664085
135.0,15,31.679551
187.0,30,31.718371
171.0,30,31.744037
171.0,30,31.77824
192.0,30,31.813511
139.0,30,31.856351
155.0,30,31.889103
131.0,30,31.920898
179.0,30,31.946653
192.0,30,31.982911
155.0,30,32.014095
187.0,30,32.045013
182.0,30,32.073812
192.0,30,32.111756
163.0,30,32.139376
155.0,30,32.172383
171.0,30,32.200253
147.0,30,32.240827
192.0,30,32.271558
139.0,30,32.301292
105.0,13,32.3124
163.0,30,32.348898
192.0,30,32.380729
138.0,20,32.400845
179.0,30,32.4314
171.0,30,32.472438
201.0,26,32.497813
171.0,30,32.525922
206.0,24,32.549494
163.0,30,32.585741
171.0,30,32.614071
94.0,8,32.621852
171.0,30,32.648254
150.0,30,32.684072
166.0,30,32.712446
182.0,30,32.743012
155.0,30,32.768611
171.0,30,32.805737
179.0,30,32.837769
139.0,30,32.867116
179.0,30,32.898447
163.0,30,32.935078
197.0,27,32.964658
155.0,30,32.995031
171.0,30,33.024989
177.0,30,33.060695
89.0,13,33.074565
171.0,30,33.110811
106.0,12,33.124824
187.0,30,33.160165
139.0,30,33.189024
187.0,30,33.217992
171.0,30,33.249834
189.0,29,33.285364
155.0,30,33.316951
100.0,10,33.324715
190.0,24,33.34707
174.0,30,33.386431
179.0,30,33.413455
192.0,30,33.446368
217.0,26,33.474929
192.0,30,33.514151
171.0,30,33.540421
179.0,30,33.568903
171.0,30,33.596622
171.0,30,33.634953
187.0,30,33.662096
179.0,30,33.690034
192.0,30,33.715983
179.0,30,33.754109
179.0,30,33.784094
184.0,22,33.807976
163.0,30,33.83752
179.0,30,33.876863
171.0,30,33.907818
171.0,30,33.940288
171.0,30,33.969224
187.0,30,34.006359
187.0,30,34.034726
147.0,30,34.062417
179.0,30,34.092626
171.0,30,34.132652
171.0,30,34.159208
171.0,30,34.186566
60.0,10,34.194403
139.0,30,34.233517
171.0,30,34.264999
86.0,8,34.27311
166.0,30,34.301274
155.0,30,34.335333
171.0,30,34.371035
163.0,30,34.404917
171.0,30,34.444905
71.0,7,34.455516
139.0,30,34.494955
192.0,30,34.520411
187.0,30,34.547721
171.0,30,34.581761
179.0,30,34.611259
155.0,30,34.636962
192.0,30,34.668216
182.0,30,34.705279
127.0,12,34.718196
179.0,30,34.746184
196.0,28,34.772644
209.0,26,34.804072
192.0,30,34.838071
229.0,29,34.865952
171.0,30,34.895749
179.0,30,34.931388
171.0,30,34.963358
171.0,30,34.990007
192.0,30,35.020944
171.0,30,35.057131
187.0,30,35.088032
142.0,30,35.117
192.0,30,35.145382
163.0,30,35.180256
171.0,30,35.211774
187.0,30,35.242202
155.0,30,35.28198
155.0,30,35.315614
147.0,30,35.343494
171.0,30,35.374742
163.0,30,35.403728
155.0,30,35.436652
136.0,14,35.454322
166.0,30,35.486957
163.0,30,35.520937
179.0,30,35.553183
92.0,7,35.563097
171.0,30,35.596383
213.0,29,35.629473
163.0,30,35.662153
173.0,25,35.688478
171.0,30,35.716813
174.0,30,35.745207
171.0,30,35.785254
70.0,8,35.793546
147.0,30,35.819569
179.0,30,35.849912
197.0,22,35.876436
179.0,30,35.908384
187.0,30,35.936652
139.0,30,35.96713
234.0,29,36.00344
155.0,30,36.038029
192.0,30,36.070733
155.0,30,36.099781
89.0,13,36.117326
179.0,30,36.149812
179.0,30,36.179689
179.0,30,36.207496
187.0,30,36.246362
192.0,30,36.274723
139.0,30,36.307805
192.0,30,36.335984
169.0,30,36.373077
187.0,30,36.40409
187.0,30,36.438141
139.0,30,36.473064
163.0,30,36.51082
187.0,30,36.538838
179.0,30,36.571102
187.0,30,36.602867
171.0,30,36.639607
192.0,30,36.668636
179.0,30,36.699015
234.0,29,36.727356
179.0,30,36.765327
179.0,30,36.791043
192.0,30,36.824104
139.0,30,36.851511
192.0,30,36.888276
139.0,30,36.918854
192.0,30,36.948235
192.0,30,36.978271
147.0,30,37.015269
171.0,30,37.046182
171.0,30,37.079204
187.0,30,37.111252
179.0,30,37.149917
147.0,30,37.178957
187.0,30,37.209763
179.0,30,37.239202
187.0,30,37.27768
171.0,30,37.308155
139.0,30,37.340902
171.0,30,37.370088
179.0,30,37.408329
73.0,5,37.412988
155.0,30,37.441014
171.0,30,37.479222
131.0,30,37.514645
192.0,30,37.54525
179.0,30,37.573316
179.0,30,37.602932
179.0,30,37.638495
139.0,30,37.671226
166.0,30,37.696841
119.0,15,37.71302
139.0,30,37.750911
192.0,30,37.781354
187.0,30,37.810223
85.0,9,37.817771
192.0,30,37.851372
179.0,30,37.881181
92.0,10,37.889529
187.0,30,37.922263
187.0,30,37.95781
192.0,30,37.987862
187.0,30,38.013875
187.0,30,38.044246
179.0,30,38.07983
174.0,30,38.111583
187.0,30,38.139761
171.0,30,38.168581
163.0,30,38.200592
139.0,30,38.237199
142.0,16,38.254117
187.0,30,38.28489
155.0,30,38.322097
171.0,30,38.351807
171.0,30,38.38277
171.0,30,38.409985
179.0,30,38.45076
216.0,27,38.47854
192.0,30,38.509513
64.0,6,38.516982
179.0,30,38.552893
163.0,30,38.584992
182.0,30,38.612875
187.0,30,38.644964
139.0,30,38.67797
155.0,30,38.708563
187.0,30,38.73423
179.0,30,38.76256
171.0,30,38.797219
155.0,30,38.828636
182.0,30,38.856106
171.0,30,38.888155
147.0,30,38.922433
179.0,30,38.954196
139.0,30,38.981774
182.0,30,39.008541
171.0,30,39.042802
187.0,30,39.071223
187.0,30,39.100252
179.0,30,39.127072
229.0,29,39.199166
171.0,30,39.226885
147.0,30,39.255168
155.0,30,39.292642
192.0,30,39.326314
187.0,30,39.357191
187.0,30,39.38506
163.0,30,39.411094
192.0,30,39.449742
179.0,30,39.481546
155.0,30,39.512966
187.0,30,39.539563
192.0,30,39.577554
163.0,30,39.607661
187.0,30,39.634682
191.0,23,39.657527
192.0,30,39.69247
171.0,30,39.722713
192.0,30,39.751344
192.0,30,39.781455
182.0,30,39.818238
187.0,30,39.851386
187.0,30,39.884367
179.0,30,39.91638
187.0,30,39.951067
134.0,30,39.98054
155.0,30,40.010799
174.0,30,40.043006
179.0,30,40.07956
171.0,30,40.109975
171.0,30,40.136261
187.0,30,40.16625
139.0,30,40.202581
179.0,30,40.23624
139.0,30,40.263029
187.0,30,40.296951
192.0,30,40.333768
179.0,30,40.3667
69.0,9,40.375634
179.0,30,40.40476
192.0,30,40.444378
139.0,30,40.47647
179.0,30,40.504786
192.0,30,40.530027
171.0,30,40.568071
163.0,30,40.595654
139.0,30,40.62906
139.0,30,40.656454
163.0,30,40.693022
187.0,30,40.723984
192.0,30,40.752321
182.0,30,40.782258
171.0,30,40.819825
155.0,30,40.852226
192.0,30,40.881271
158.0,30,40.9059
187.0,30,40.944014
127.0,12,40.956745
192.0,30,40.984119
155.0,30,41.01442
179.0,30,41.051078
192.0,30,41.082674
187.0,30,41.113705
187.0,30,41.144703
192.0,30,41.17972
179.0,30,41.211491
155.0,30,41.241269
163.0,30,41.268965
179.0,30,41.303202
182.0,30,41.332913
230.0,28,41.35835
179.0,30,41.386788
158.0,30,41.426881
187.0,30,41.459801
158.0,30,41.490273
192.0,30,41.515704
187.0,30,41.553604
174.0,30,41.579155
163.0,30,41.609056
179.0,30,41.634911
147.0,30,41.670362
171.0,30,41.696873
163.0,30,41.728733
179.0,30,41.759158
192.0,30,41.795956
163.0,30,41.825613
179.0,30,41.856432
171.0,30,41.887733
192.0,30,41.930746
187.0,30,41.965058
86.0,8,41.974727
192.0,30,42.008837
220.0,28,42.042155
187.0,30,42.067522
158.0,30,42.099701
187.0,30,42.126467
182.0,30,42.163877
187.0,30,42.192018
86.0,8,42.19924
179.0,30,42.226788
182.0,30,42.263274
192.0,30,42.294546
192.0,30,42.322588
179.0,30,42.354746
171.0,30,42.390936
94.0,8,42.399461
179.0,30,42.43466
147.0,30,42.467368
187.0,30,42.50685
134.0,19,42.526832
141.0,14,42.540425
234.0,29,42.569644
171.0,30,42.60768
155.0,30,42.639763
192.0,30,42.673774
169.0,30,42.700204
192.0,30,42.738009
179.0,30,42.768556
192.0,30,42.800412
179.0,30,42.830695
192.0,30,42.867745
163.0,30,42.894361
139.0,30,42.924585
54.0,8,42.931435
182.0,30,42.968753
192.0,30,42.997095
187.0,30,43.024632
171.0,30,43.058858
174.0,30,43.093925
179.0,30,43.127646
187.0,30,43.159562
174.0,30,43.191369
174.0,30,43.229929
171.0,30,43.262908
171.0,30,43.288517
192.0,30,43.319478
179.0,30,43.3563
171.0,30,43.385491
171.0,30,43.411075
187.0,30,43.44262
147.0,30,43.483094
179.0,30,43.518033
192.0,30,43.545153
182.0,30,43.572453
166.0,30,43.609514
213.0,27,43.636615
139.0,30,43.665156
155.0,30,43.692928
179.0,30,43.730765
171.0,30,43.760256
120.0,11,43.772271
171.0,30,43.802345
58.0,4,43.810185
174.0,30,43.84321
171.0,30,43.873286
179.0,30,43.904112
174.0,30,43.940255
153.0,21,43.965027
179.0,30,43.992367
192.0,30,44.025096
69.0,9,44.038179
192.0,30,44.070853
192.0,30,44.100336
187.0,30,44.126732
86.0,8,44.137619
131.0,30,44.170371
179.0,30,44.201176
179.0,30,44.231101
192.0,30,44.269707
179.0,30,44.302066
187.0,30,44.332172
166.0,30,44.366342
179.0,30,44.403169
187.0,30,44.436743
179.0,30,44.474204
187.0,30,44.5099
174.0,30,44.546571
192.0,30,44.578973
179.0,30,44.611065
171.0,30,44.63929
174.0,30,44.669421
187.0,30,44.696722
187.0,30,44.717595
192.0,22,44.738496
179.0,30,44.766988
171.0,30,44.78915
147.0,30,44.808614
171.0,30,44.830417
209.0,26,44.851002
179.0,30,44.872964
174.0,30,44.891069
93.0,9,44.898167
169.0,18,44.913188
192.0,30,44.936794
166.0,30,44.958709
171.0,30,44.979932
155.0,30,45.004295
192.0,30,45.026555
171.0,30,45.046867
155.0,30,45.067641
141.0,17,45.08073
192.0,30,45.100428
134.0,13,45.10955
171.0,30,45.13553
142.0,30,45.171068
179.0,30,45.197816
192.0,30,45.232342
182.0,30,45.262315
155.0,30,45.302057
179.0,30,45.334209
174.0,30,45.363551
64.0,3,45.364704
179.0,30,45.402808
171.0,30,45.43101
174.0,30,45.465798
171.0,30,45.499622
187.0,30,45.537989
147.0,30,45.570429
192.0,30,45.601437
155.0,19,45.620174
187.0,30,45.657718
150.0,30,45.688425
147.0,30,45.715502
192.0,30,45.743778
59.0,3,45.748448
166.0,30,45.782057
179.0,30,45.809997
147.0,30,45.842258
182.0,30,45.875733
173.0,27,45.901296
147.0,30,45.929628
155.0,30,45.960601
163.0,30,45.998355
155.0,30,46.026391
192.0,30,46.059851
171.0,30,46.091206
171.0,30,46.131561
145.0,30,46.165132
187.0,30,46.199392
163.0,30,46.225424
192.0,30,46.264693
67.0,11,46.275824
187.0,30,46.310038
174.0,30,46.336509
179.0,30,46.373475
192.0,30,46.401581
192.0,30,46.42872
171.0,30,46.45992
171.0,30,46.500203
179.0,30,46.533199
171.0,30,46.568865
192.0,30,46.604312
179.0,30,46.644999
187.0,30,46.676163
174.0,30,46.705137
187.0,30,46.736248
192.0,30,46.773601
187.0,30,46.803973
150.0,30,46.833999
192.0,30,46.861652
171.0,30,46.902188
147.0,30,46.933848
92.0,10,46.946189
192.0,30,46.973658
234.0,29,47.010982
187.0,30,47.041297
171.0,30,47.075278
192.0,30,47.101812
187.0,30,47.140716
192.0,30,47.171193
169.0,30,47.204799
163.0,30,47.236967
155.0,30,47.280939
192.0,30,47.311494
179.0,30,47.347361
192.0,30,47.376262
179.0,30,47.410729
182.0,30,47.441796
171.0,30,47.476978
150.0,30,47.507005
179.0,30,47.543845
171.0,30,47.57232
64.0,6,47.580384
139.0,30,47.609144
147.0,30,47.648491
192.0,30,47.675832
163.0,30,47.7062
59.0,3,47.707363
158.0,30,47.744267
158.0,30,47.775573
179.0,30,47.812359
179.0,30,47.838032
163.0,30,47.877999
201.0,26,47.900637
163.0,30,47.93056
171.0,30,47.958098
187.0,30,47.998224
187.0,30,48.027821
93.0,9,48.038938
126.0,30,48.072185
171.0,30,48.111318
171.0,30,48.141906
176.0,19,48.162323
155.0,30,48.188339
147.0,30,48.227753
163.0,30,48.258384
86.0,8,48.266844
174.0,30,48.298198
192.0,30,48.335042
174.0,30,48.367831
139.0,30,48.394879
135.0,15,48.409939
163.0,30,48.452616
205.0,27,48.478689
192.0,30,48.507864
187.0,30,48.533146
64.0,3,48.539987
187.0,30,48.572211
179.0,30,48.597914
192.0,30,48.66356
179.0,30,48.697408
179.0,30,48.728784
126.0,30,48.756258
187.0,30,48.788752
192.0,30,48.826355
179.0,30,48.862015
179.0,30,48.892223
192.0,30,48.924945
135.0,15,48.939835
192.0,30,48.973077
192.0,30,49.001651
204.0,30,49.029616
187.0,30,49.063646
160.0,22,49.08931
155.0,30,49.117308
192.0,30,49.145002
185.0,21,49.168282
179.0,30,49.199784
187.0,30,49.226236
182.0,30,49.253781
187.0,30,49.28822
171.0,30,49.320955
80.0,6,49.326021
179.0,30,49.353673
65.0,5,49.361849
61.0,9,49.370885
174.0,30,49.406774
179.0,30,49.434813
171.0,30,49.479412
192.0,30,49.507824
171.0,30,49.542144
179.0,30,49.571293
187.0,30,49.60966
171.0,30,49.63928
187.0,30,49.668782
57.0,2,49.669509
171.0,30,49.706025
155.0,30,49.736543
108.0,10,49.746376
179.0,30,49.771842
187.0,30,49.812247
182.0,30,49.843117
187.0,30,49.875131
155.0,30,49.903208
147.0,30,49.942666
187.0,30,49.973153
187.0,30,50.000358
147.0,30,50.030412
179.0,30,50.067152
192.0,30,50.097046
192.0,30,50.124596
147.0,30,50.149873
166.0,30,50.187892
163.0,30,50.217452
171.0,30,50.248
179.0,30,50.274271
142.0,30,50.311819
187.0,30,50.343658
187.0,30,50.375838
192.0,30,50.406227
142.0,16,50.425683
174.0,30,50.46543
163.0,30,50.49542
171.0,30,50.522401
155.0,30,50.557092
171.0,30,50.589375
187.0,30,50.615831
174.0,30,50.64324
179.0,30,50.677704
192.0,30,50.709028
179.0,30,50.734857
192.0,30,50.7652
192.0,30,50.804072
171.0,30,50.835344
171.0,30,50.86687
179.0,30,50.899552
187.0,30,50.933125
192.0,30,50.96584
192.0,30,50.993117
187.0,30,51.022111
147.0,30,51.057084
143.0,15,51.073466
155.0,30,51.112313
166.0,30,51.147218
187.0,30,51.183056
179.0,30,51.214439
187.0,30,51.243817
171.0,30,51.277435
192.0,30,51.314071
107.0,11,51.326663
163.0,30,51.35694
171.0,30,51.387995
179.0,30,51.425089
155.0,30,51.457269
187.0,30,51.49161
174.0,30,51.516666
205.0,27,51.550394
166.0,30,51.582431
222.0,26,51.610795
179.0,30,51.639543
192.0,30,51.675558
171.0,30,51.707348
139.0,30,51.737778
192.0,30,51.763785
187.0,30,51.803374
171.0,30,51.830791
179.0,30,51.863923
171.0,30,51.893076
163.0,30,51.933332
187.0,30,51.966348
120.0,11,51.976857
171.0,30,52.007825
179.0,30,52.047042
139.0,30,52.083393
179.0,30,52.118087
179.0,30,52.150818
163.0,30,52.185411
155.0,30,52.218662
192.0,30,52.24911
155.0,30,52.280061
176.0,19,52.303262
192.0,30,52.334301
179.0,30,52.36376
192.0,30,52.39608
182.0,30,52.42963
179.0,30,52.464984
187.0,30,52.496761
57.0,2,52.50002
192.0,30,52.535644
99.0,8,52.543136
163.0,30,52.577004
171.0,30,52.603979
174.0,30,52.643626
187.0,30,52.670778
179.0,30,52.702741
179.0,30,52.731868
179.0,30,52.76997
182.0,30,52.799777
187.0,30,52.832713
163.0,30,52.863392
111.0,15,52.885161
171.0,30,52.919878
171.0,30,52.947866
179.0,30,52.975327
136.0,14,52.99583
187.0,30,53.029633
192.0,30,53.059865
174.0,30,53.12508
179.0,30,53.192863
171.0,30,53.234163
171.0,30,53.269196
192.0,30,53.311408
171.0,30,53.354177
147.0,30,53.394431
139.0,30,53.42834
179.0,30,53.470409
187.0,30,53.510094
182.0,30,53.542575
179.0,30,53.576475
192.0,30,53.610169
187.0,30,53.650636
171.0,30,53.684346
179.0,30,53.715006
179.0,30,53.747049
192.0,30,53.78651
166.0,30,53.821544
179.0,30,53.856143
192.0,30,53.886129
142.0,16,53.910725
139.0,30,53.941685
187.0,30,53.975109
171.0,30,54.004278
179.0,30,54.045743
192.0,30,54.077792
174.0,30,54.1123
162.0,17,54.129999
179.0,30,54.167292
171.0,30,54.20228
187.0,30,54.233301
179.0,30,54.26407
179.0,30,54.308408
187.0,30,54.341156
187.0,30,54.370514
166.0,30,54.404675
192.0,30,54.4479
120.0,11,54.461522
171.0,30,54.499844
179.0,30,54.535962
187.0,30,54.58736
187.0,30,54.628793
147.0,30,54.673155
147.0,30,54.714671
179.0,30,54.764195
147.0,30,54.793077
179.0,30,54.820932
171.0,30,54.849169
171.0,30,54.89112
192.0,30,54.920064
187.0,30,54.954794
192.0,30,54.985685
179.0,30,55.020844
171.0,30,55.052403
192.0,30,55.085485
192.0,30,55.114853
152.0,22,55.14383
192.0,30,55.172185
187.0,30,55.204042
192.0,30,55.229489
78.0,5,55.236614
182.0,30,55.269753
179.0,30,55.298509
179.0,30,55.330059
139.0,30,55.367031
171.0,30,55.400741
155.0,30,55.431488
182.0,30,55.468443
171.0,30,55.503857
187.0,30,55.535899
166.0,30,55.566278
155.0,30,55.599854
139.0,30,55.636902
155.0,30,55.666925
179.0,30,55.692407
127.0,12,55.702852
139.0,30,55.742541
147.0,30,55.771991
187.0,30,55.802063
78.0,5,55.805787
171.0,30,55.841048
137.0,21,55.861446
171.0,30,55.887143
192.0,30,55.91797
155.0,30,55.955339
163.0,30,55.988708
179.0,30,56.016272
179.0,30,56.047315
99.0,11,56.065585
171.0,30,56.095364
187.0,30,56.12466
179.0,30,56.149672
163.0,30,56.186659
171.0,30,56.217235
192.0,30,56.252021
187.0,30,56.283536
171.0,30,56.322461
182.0,30,56.348415
143.0,15,56.36199
187.0,30,56.388132
163.0,30,56.427091
171.0,30,56.460245
171.0,30,56.494064
166.0,30,56.524422
187.0,30,56.557076
174.0,30,56.588282
171.0,30,56.619281
66.0,4,56.623283
187.0,30,56.663662
171.0,30,56.696141
171.0,30,56.722863
179.0,30,56.755872
192.0,30,56.792172
147.0,30,56.823966
192.0,22,56.842589
192.0,30,56.871667
113.0,13,56.889089
179.0,30,56.920597
229.0,29,56.950278
147.0,30,56.980807
72.0,6,56.992123
179.0,30,57.0248
192.0,30,57.055424
174.0,30,57.086543
187.0,30,57.119862
179.0,30,57.152009
192.0,30,57.179608
192.0,30,57.205502
192.0,30,57.244807
179.0,30,57.27541
166.0,30,57.30703
187.0,30,57.334661
179.0,30,57.374031
155.0,30,57.403789
187.0,30,57.433506
209.0,30,57.467867
129.0,13,57.488262
147.0,30,57.51705
139.0,30,57.54709
140.0,21,57.567579
182.0,30,57.605398
179.0,30,57.638199
197.0,25,57.660448
79.0,7,57.666973
171.0,30,57.704118
179.0,30,57.735703
155.0,30,57.76592
166.0,30,57.792703
163.0,19,57.818234
187.0,30,57.849077
142.0,30,57.881344
147.0,30,57.906888
139.0,30,57.946739
187.0,30,57.975636
147.0,30,58.003299
192.0,30,58.028255
179.0,30,58.063495
187.0,30,58.093708
192.0,30,58.125524
179.0,30,58.152209
192.0,30,58.219157
171.0,30,58.253312
187.0,30,58.285329
179.0,30,58.312
171.0,30,58.349961
192.0,30,58.376693
171.0,30,58.404689
171.0,30,58.434424
74.0,12,58.453714
171.0,30,58.487002
192.0,30,58.520116
179.0,30,58.554102
192.0,30,58.587464
155.0,30,58.617408
179.0,30,58.644512
147.0,30,58.674095
147.0,30,58.708632
192.0,30,58.737916
179.0,30,58.767389
139.0,30,58.79509
171.0,30,58.831872
187.0,30,58.866308
192.0,30,58.897093
174.0,30,58.927392
179.0,30,58.964615
187.0,30,58.997598
179.0,30,59.027045
192.0,30,59.055533
187.0,30,59.088272
192.0,30,59.121715
174.0,30,59.149857
150.0,30,59.181178
192.0,30,59.218727
142.0,30,59.249827
134.0,13,59.262553
107.0,11,59.274065
187.0,30,59.310358
171.0,30,59.340129
179.0,30,59.366166
171.0,30,59.393405
174.0,30,59.428308
179.0,30,59.461737
192.0,30,59.49545
139.0,30,59.525843
179.0,30,59.559142
179.0,30,59.591537
187.0,30,59.619245
134.0,30,59.650438
179.0,30,59.6884
171.0,30,59.718982
134.0,30,59.750413
192.0,30,59.779128
179.0,30,59.812358
171.0,30,59.846747
209.0,26,59.870311
163.0,30,59.898553
192.0,30,59.934613
179.0,30,59.964985
221.0,29,59.99321
192.0,30,60.024054
179.0,30,60.063431
142.0,16,60.080883
192.0,30,60.111386
163.0,30,60.143005
179.0,30,60.177505
53.0,9,60.190232
171.0,30,60.221936
171.0,30,60.254382
179.0,30,60.285497
187.0,30,60.319789
147.0,30,60.350376
179.0,30,60.378741
139.0,30,60.414249
166.0,30,60.450435
192.0,30,60.480317
179.0,30,60.508187
192.0,30,60.54581
171.0,30,60.574554
171.0,30,60.599882
171.0,30,60.626801
187.0,30,60.663501
147.0,30,60.697449
187.0,30,60.72379
100.0,10,60.733145
179.0,30,60.769504
139.0,30,60.797519
171.0,30,60.822135
163.0,30,60.854165
192.0,30,60.888758
139.0,30,60.92173
187.0,30,60.952348
171.0,30,60.979596
163.0,30,61.012868
179.0,30,61.048386
179.0,30,61.077437
171.0,30,61.105887
204.0,23,61.129035
187.0,30,61.163929
179.0,30,61.193911
205.0,27,61.222857
179.0,30,61.26348
179.0,30,61.292074
187.0,30,61.322125
192.0,30,61.349875
139.0,30,61.387799
155.0,30,61.41807
174.0,30,61.452584
192.0,30,61.486155
151.0,18,61.509803
187.0,30,61.543115
171.0,30,61.575775
171.0,30,61.602357
158.0,30,61.639909
171.0,30,61.670205
139.0,30,61.701914
192.0,30,61.728267
192.0,30,61.765526
139.0,30,61.794275
155.0,30,61.827435
166.0,30,61.855933
163.0,30,61.894782
187.0,30,61.923549
166.0,30,61.952105
171.0,30,61.977623
171.0,30,62.013388
187.0,30,62.044773
163.0,30,62.075131
179.0,30,62.105738
187.0,30,62.14567
192.0,30,62.17917
139.0,30,62.216107
179.0,30,62.244781
187.0,30,62.285278
192.0,30,62.313033
187.0,30,62.340669
187.0,30,62.365911
187.0,30,62.403275
155.0,30,62.432645
179.0,30,62.464873
184.0,22,62.484877
147.0,30,62.523441
98.0,12,62.535969
192.0,30,62.566705
209.0,28,62.597826
182.0,30,62.635016
179.0,30,62.663671
179.0,30,62.693558
139.0,30,62.721442
187.0,30,62.758107
171.0,30,62.786897
179.0,30,62.817129
139.0,30,62.846768
182.0,30,62.884947
179.0,30,62.915009
199.0,23,62.938125
155.0,30,62.968569
171.0,30,63.003175
142.0,30,63.031533
171.0,30,63.065456
163.0,30,63.096143
190.0,24,63.126247
142.0,30,63.159438
171.0,30,63.188085
171.0,30,63.218026
142.0,30,63.253751
192.0,30,63.284391
179.0,30,63.313445
179.0,30,63.341431
179.0,30,63.377308
158.0,30,63.40716
179.0,30,63.435412
213.0,29,63.472968
171.0,30,63.505732
171.0,30,63.538038
139.0,30,63.564088
192.0,30,63.59608
192.0,30,63.63152
158.0,30,63.664861
192.0,30,63.693073
179.0,30,63.723605
163.0,30,63.76098
139.0,30,63.793988
171.0,30,63.821611
187.0,30,63.851409
192.0,30,63.887772
182.0,30,63.91939
127.0,12,63.932676
187.0,30,63.961666
222.0,26,63.994612
179.0,30,64.024173
192.0,30,64.054263
123.0,30,64.085655
187.0,30,64.123442
64.0,6,64.128385
174.0,30,64.158579
187.0,30,64.187885
171.0,30,64.223827
155.0,30,64.252243
147.0,30,64.285941
150.0,16,64.302413
179.0,30,64.334477
179.0,30,64.365004
187.0,30,64.393033
171.0,30,64.426091
171.0,30,64.463474
192.0,30,64.493778
163.0,30,64.52058
208.0,27,64.548082
139.0,30,64.582118
187.0,30,64.61347
187.0,30,64.642561
158.0,30,64.669741
179.0,30,64.704314
171.0,30,64.735643
70.0,30,64.760428
179.0,30,64.795558
171.0,30,64.831193
179.0,30,64.864471
179.0,30,64.894168
171.0,30,64.921731
179.0,30,64.957217
179.0,30,64.98876
171.0,30,65.019143
192.0,30,65.048807
179.0,30,65.084057
155.0,30,65.119844
174.0,30,65.152088
171.0,30,65.180308
192.0,30,65.21713
171.0,30,65.245874
149.0,17,65.260247
179.0,30,65.28771
179.0,30,65.322296
192.0,30,65.350587
187.0,30,65.377037
168.0,27,65.400786
171.0,30,65.43763
182.0,30,65.470675
92.0,7,65.478512
179.0,30,65.50848
187.0,30,65.544356
187.0,30,65.575598
187.0,30,65.604302
171.0,30,65.63053
192.0,30,65.670703
183.0,20,65.692403
179.0,30,65.719487
156.0,18,65.738226
187.0,30,65.771122
179.0,30,65.803926
171.0,30,65.832495
171.0,30,65.860672
142.0,30,65.89355
187.0,30,65.926585
147.0,30,65.955992
179.0,30,65.988772
192.0,30,66.022202
187.0,30,66.054275
163.0,30,66.085394
171.0,30,66.114196
155.0,30,66.150158
128.0,14,66.163251
187.0,30,66.192569
192.0,30,66.221044
192.0,30,66.257588
192.0,30,66.287618
192.0,30,66.312897
161.0,30,66.34057
171.0,30,66.374078
192.0,30,66.405247
179.0,30,66.432423
187.0,30,66.46185
192.0,30,66.50195
86.0,8,66.50986
171.0,30,66.536819
177.0,30,66.561542
179.0,30,66.599539
171.0,30,66.627275
187.0,30,66.659615
163.0,30,66.684927
163.0,30,66.720464
192.0,30,66.746336
192.0,30,66.780231
171.0,30,66.80871
171.0,30,66.848548
147.0,30,66.876487
182.0,30,66.909125
192.0,30,66.93697
192.0,30,66.971987
179.0,30,66.999817
155.0,30,67.032518
171.0,30,67.057532
192.0,30,67.098713
179.0,30,67.131187
171.0,30,67.158775
139.0,30,67.185857
179.0,30,67.223447
179.0,30,67.254027
221.0,29,67.280486
71.0,7,67.287623
192.0,30,67.323705
147.0,30,67.354843
113.0,13,67.36685
155.0,30,67.394949
187.0,30,67.429869
155.0,30,67.459851
155.0,30,67.492065
139.0,30,67.525507
163.0,30,67.560536
192.0,30,67.591957
187.0,30,67.617155
179.0,30,67.644957
155.0,30,67.68214
139.0,30,67.715291
179.0,30,67.745898
155.0,30,67.772221
187.0,30,67.807204
187.0,30,67.83893
179.0,30,67.864416
115.0,11,67.874949
206.0,24,67.904958
139.0,30,67.976278
187.0,30,68.002473
121.0,13,68.013142
147.0,30,68.050378
179.0,30,68.078789
187.0,30,68.109226
179.0,30,68.139128
187.0,30,68.176651
192.0,30,68.205083
187.0,30,68.231733
179.0,30,68.260499
192.0,30,68.300103
187.0,30,68.330824
179.0,30,68.363529
179.0,30,68.393643
179.0,30,68.431718
179.0,30,68.464771
192.0,30,68.501657
187.0,30,68.527714
179.0,30,68.572762
179.0,30,68.601961
87.0,7,68.608639
187.0,30,68.636333
179.0,30,68.668097
171.0,30,68.699951
147.0,30,68.726153
171.0,30,68.753698
129.0,30,68.786344
171.0,30,68.814522
192.0,30,68.842649
130.0,15,68.858413
179.0,30,68.895786
171.0,30,68.924979
163.0,30,68.953889
66.0,4,68.957168
187.0,30,68.997377
182.0,30,69.025111
187.0,30,69.054296
192.0,30,69.080968
192.0,30,69.130026
192.0,30,69.16399
166.0,30,69.204289
147.0,30,69.240334
179.0,30,69.279972
192.0,30,69.310188
187.0,30,69.341337
179.0,30,69.366606
192.0,30,69.403898
166.0,30,69.434037
187.0,30,69.465758
192.0,30,69.49818
192.0,30,69.535932
183.0,23,69.56021
179.0,30,69.586195
179.0,30,69.61353
179.0,30,69.646931
108.0,10,69.658498
171.0,30,69.687356
192.0,30,69.717425
171.0,30,69.753034
158.0,30,69.786521
192.0,30,69.812879
171.0,30,69.842543
192.0,30,69.88754
217.0,28,69.911973
171.0,30,69.940151
187.0,30,69.9651
171.0,30,69.996619
169.0,21,70.019184
187.0,30,70.047027
179.0,30,70.07924
155.0,30,70.117365
179.0,30,70.15009
187.0,30,70.180231
147.0,30,70.212137
179.0,30,70.248701
120.0,14,70.264518
192.0,30,70.293564
162.0,20,70.312272
171.0,30,70.34845
147.0,30,70.378858
139.0,30,70.411989
120.0,14,70.422891
147.0,30,70.460081
179.0,30,70.494534
142.0,30,70.527243
179.0,30,70.557104
158.0,30,70.593292
179.0,30,70.623439
187.0,30,70.651139
187.0,30,70.68016
179.0,30,70.719171
192.0,30,70.748291
171.0,30,70.779123
187.0,30,70.80932
179.0,30,70.849033
192.0,30,70.880274
163.0,30,70.9112
79.0,7,70.917566
171.0,30,70.963148
192.0,30,70.995246
187.0,30,71.024955
155.0,30,71.053209
171.0,30,71.08977
182.0,30,71.11999
151.0,23,71.14068
174.0,30,71.171796
147.0,30,71.20607
187.0,30,71.242564
171.0,30,71.272336
187.0,30,71.300074
179.0,30,71.336292
192.0,30,71.367579
129.0,30,71.391369
171.0,30,71.420466
169.0,30,71.451435
179.0,30,71.487407
192.0,30,71.514758
192.0,30,71.542516
179.0,30,71.580171
113.0,13,71.595305
179.0,30,71.622589
187.0,30,71.653678
192.0,30,71.688379
158.0,30,71.720547
78.0,5,71.725021
171.0,30,71.755601
127.0,15,71.77387
93.0,9,71.784476
187.0,30,71.813052
115.0,11,71.823834
179.0,30,71.858705
155.0,30,71.886696
192.0,30,71.912204
187.0,30,71.945396
192.0,30,71.981361
102.0,11,71.993044
123.0,30,72.021366
85.0,6,72.027601
192.0,30,72.064616
187.0,30,72.094513
192.0,30,72.119686
179.0,30,72.146776
171.0,30,72.180016
193.0,28,72.20814
171.0,30,72.236828
179.0,30,72.261804
66.0,4,72.270333
187.0,30,72.308759
192.0,30,72.341448
179.0,30,72.376936
171.0,30,72.415525
179.0,30,72.448028
187.0,30,72.482124
192.0,30,72.515583
179.0,30,72.55155
166.0,30,72.585032
192.0,30,72.61613
171.0,30,72.649675
179.0,30,72.685375
221.0,27,72.713513
179.0,30,72.742104
179.0,30,72.771182
187.0,30,72.811036
182.0,30,72.841718
144.0,17,72.859116
171.0,30,72.891361
171.0,30,72.924025
171.0,30,72.953749
187.0,30,72.983495
187.0,30,73.014743
163.0,30,73.049982
192.0,30,73.083143
187.0,30,73.111193
200.0,27,73.139175
179.0,30,73.178397
179.0,30,73.208124
166.0,30,73.23502
179.0,30,73.261215
213.0,29,73.296746
157.0,17,73.31297
155.0,30,73.34132
174.0,30,73.370979
174.0,30,73.400746
163.0,30,73.435501
174.0,30,73.466849
171.0,30,73.498365
166.0,30,73.533825
187.0,30,73.564456
174.0,30,73.59438
132.0,30,73.626823
179.0,30,73.662332
171.0,30,73.693437
129.0,13,73.705591
225.0,30,73.733463
187.0,30,73.769491
171.0,30,73.799712
182.0,30,73.827726
136.0,14,73.841047
179.0,30,73.880544
155.0,30,73.911118
150.0,30,73.939184
192.0,30,73.969686
187.0,30,74.005709
192.0,30,74.036704
174.0,30,74.069387
139.0,30,74.095253
171.0,30,74.133521
147.0,30,74.162397
177.0,30,74.189192
171.0,30,74.218094
163.0,30,74.254328
187.0,30,74.282526
171.0,30,74.317739
179.0,30,74.34446
187.0,30,74.380796
171.0,30,74.406962
213.0,25,74.430282
192.0,30,74.459405
171.0,30,74.499008
143.0,15,74.510126
179.0,30,74.541397
192.0,30,74.570745
192.0,30,74.609258
187.0,30,74.637731
71.0,4,74.641739
171.0,30,74.671999
187.0,30,74.706629
179.0,30,74.736905
192.0,30,74.766346
233.0,30,74.794401
129.0,13,74.810985
179.0,30,74.844188
192.0,30,74.872823
187.0,30,74.905607
192.0,30,74.942988
179.0,30,74.977636
187.0,30,75.003173
179.0,30,75.033175
179.0,30,75.070511
187.0,30,75.101362
155.0,16,75.117759
171.0,30,75.144565
174.0,30,75.181325
147.0,30,75.212263
163.0,30,75.241914
163.0,30,75.267152
192.0,30,75.304128
171.0,30,75.33321
147.0,30,75.366755
163.0,30,75.394074
109.0,30,75.429615
179.0,30,75.45833
155.0,30,75.494226
192.0,30,75.524815
187.0,27,75.55758
166.0,30,75.586119
179.0,30,75.61709
171.0,30,75.644864
192.0,30,75.680213
174.0,30,75.712998
171.0,30,75.743331
171.0,30,75.769484
187.0,30,75.808838
171.0,30,75.837231
182.0,30,75.865289
134.0,30,75.891087
192.0,30,75.93008
171.0,30,75.955852
192.0,30,75.986932
171.0,30,76.014359
139.0,30,76.054107
163.0,30,76.084723
174.0,30,76.116557
171.0,30,76.146259
179.0,30,76.183698
171.0,30,76.211546
171.0,30,76.244268
182.0,30,76.27069
187.0,30,76.307976
163.0,30,76.338546
192.0,30,76.371161
171.0,30,76.399132
179.0,30,76.434361
179.0,30,76.461147
179.0,30,76.493821
187.0,30,76.519842
166.0,30,76.556284
171.0,30,76.587213
229.0,29,76.617034
160.0,22,76.635312
139.0,30,76.671819
192.0,30,76.698173
179.0,30,76.725565
192.0,30,76.753139
187.0,30,76.793419
163.0,30,76.824081
163.0,30,76.856244
179.0,30,76.886097
171.0,30,76.926981
101.0,9,76.935879
192.0,30,76.967354
201.0,26,76.99332
86.0,8,77.004812
134.0,30,77.034463
192.0,30,77.0673
187.0,30,77.095555
192.0,30,77.132995
192.0,30,77.162473
174.0,30,77.196726
171.0,30,77.22485
182.0,30,77.261193
155.0,30,77.289766
179.0,30,77.318572
147.0,30,77.349155
187.0,30,77.385754
171.0,30,77.418577
163.0,30,77.476167
187.0,30,77.509812
179.0,30,77.54662
155.0,30,77.573624
171.0,30,77.601288
187.0,30,77.62671
171.0,30,77.66081
179.0,30,77.686855
171.0,30,77.715388
179.0,30,77.744448
142.0,30,77.782108
192.0,30,77.809139
171.0,30,77.837931
187.0,30,77.863161
179.0,30,77.901524
172.0,21,77.920857
187.0,30,77.95325
179.0,30,77.983784
187.0,30,78.024313
192.0,30,78.061058
179.0,30,78.09393
179.0,30,78.120114
155.0,30,78.155932
163.0,30,78.185604
58.0,4,78.188753
179.0,30,78.219293
123.0,30,78.258703
106.0,9,78.268474
179.0,30,78.305947
187.0,30,78.337187
193.0,26,78.37447
174.0,30,78.409111
187.0,30,78.443134
171.0,30,78.478029
192.0,30,78.516813
171.0,30,78.547435
79.0,7,78.554661
192.0,30,78.585863
171.0,30,78.620858
115.0,30,78.652224
142.0,30,78.682065
157.0,17,78.697377
139.0,30,78.733416
179.0,30,78.764842
171.0,30,78.794039
179.0,30,78.823323
171.0,30,78.860183
179.0,30,78.892889
171.0,30,78.926565
192.0,30,78.957249
171.0,19,78.984876
150.0,16,79.002996
192.0,30,79.042593
187.0,30,79.078095
187.0,30,79.123013
163.0,30,79.171262
163.0,30,79.230167
166.0,30,79.260477
179.0,30,79.299139
187.0,30,79.330751
164.0,18,79.351789
171.0,30,79.383016
182.0,30,79.428066
192.0,30,79.463499
187.0,30,79.501448
187.0,30,79.538188
192.0,30,79.585447
179.0,30,79.618278
222.0,26,79.644268
187.0,30,79.684139
92.0,10,79.703839
187.0,30,79.73955
163.0,30,79.779029
192.0,30,79.816684
179.0,30,79.85886
187.0,30,79.889756
182.0,30,79.922884
171.0,30,79.953968
171.0,30,79.994772
179.0,30,80.026226
139.0,30,80.065717
142.0,16,80.084034
128.0,14,80.102265
155.0,30,80.136554
192.0,30,80.173638
187.0,30,80.210644
192.0,30,80.263216
171.0,30,80.335931
179.0,30,80.368834
147.0,30,80.400445
217.0,30,80.43836
187.0,30,80.473432
171.0,30,80.512404
187.0,30,80.544816
174.0,30,80.580212
158.0,30,80.614863
187.0,30,80.645337
171.0,30,80.680193
192.0,30,80.723967
57.0,2,80.728169
171.0,30,80.765294
179.0,30,80.801563
153.0,30,80.840535
171.0,30,80.876014
192.0,30,80.911411
163.0,30,80.950725
179.0,30,80.989355
192.0,30,81.025257
179.0,30,81.055832
179.0,30,81.087759
192.0,30,81.12032
192.0,30,81.154396
187.0,30,81.185606
171.0,30,81.216957
155.0,30,81.250855
187.0,30,81.280885
65.0,5,81.284638
187.0,30,81.310871
171.0,30,81.350495
171.0,30,81.380837
192.0,22,81.404587
192.0,30,81.432673
179.0,30,81.473197
182.0,30,81.505809
179.0,30,81.538572
187.0,30,81.566619
187.0,30,81.604631
171.0,30,81.631255
192.0,30,81.66615
171.0,30,81.699846
131.0,30,81.748201
179.0,30,81.78261
147.0,30,81.8191
171.0,30,81.851252
192.0,30,81.894556
179.0,30,81.923994
171.0,30,81.961152
192.0,30,81.992178
179.0,30,82.030707
179.0,30,82.061833
147.0,30,82.094429
64.0,3,82.097448
179.0,30,82.133234
139.0,30,82.174139
179.0,30,82.208628
179.0,30,82.243749
129.0,13,82.262734
179.0,30,82.295623
171.0,30,82.328856
187.0,30,82.358954
147.0,30,82.397657
187.0,30,82.432105
179.0,30,82.475029
174.0,30,82.514407
192.0,30,82.555206
187.0,30,82.586686
147.0,30,82.621982
179.0,30,82.653812
171.0,30,82.691817
187.0,30,82.719502
187.0,30,82.753596
155.0,30,82.779877
150.0,30,82.820021
113.0,13,82.832782
174.0,30,82.864233
182.0,30,82.892689
179.0,30,82.934634
187.0,30,82.963797
238.0,30,82.993706
187.0,30,83.026306
126.0,30,83.064382
171.0,30,83.096882
147.0,30,83.127127
163.0,30,83.153758
171.0,30,83.197688
192.0,30,83.229793
187.0,30,83.26037
97.0,13,83.271931
113.0,13,83.289818
171.0,30,83.327203
187.0,30,83.358516
171.0,30,83.395753
150.0,16,83.418867
187.0,30,83.448729
187.0,30,83.482585
192.0,30,83.51565
166.0,30,83.554709
187.0,30,83.585558
87.0,7,83.595489
192.0,30,83.626002
155.0,30,83.666039
155.0,30,83.699066
171.0,30,83.735085
179.0,30,83.766323
142.0,30,83.805504
161.0,30,83.83394
179.0,30,83.863777
147.0,30,83.893885
179.0,30,83.935405
187.0,30,83.966025
217.0,28,83.995795
192.0,30,84.030035
155.0,30,84.075451
171.0,30,84.111441
171.0,30,84.142562
217.0,26,84.171618
163.0,30,84.208224
179.0,30,84.240343
171.0,30,84.267545
171.0,30,84.299011
171.0,30,84.335087
179.0,30,84.366874
116.0,13,84.37972
178.0,20,84.400825
192.0,22,84.433868
85.0,6,84.438246
192.0,30,84.474866
182.0,30,84.507794
192.0,30,84.546217
213.0,27,84.574421
171.0,30,84.609623
158.0,30,84.64456
155.0,30,84.687436
174.0,30,84.716893
150.0,30,84.75434
147.0,30,84.787503
187.0,30,84.832786
85.0,6,84.842243
171.0,30,84.885885
187.0,30,84.917363
179.0,30,84.958016
141.0,14,84.970742
178.0,20,84.990976
187.0,30,85.023746
166.0,30,85.06269
187.0,30,85.099428
179.0,30,85.125853
147.0,30,85.158657
171.0,30,85.196488
187.0,30,85.228232
155.0,30,85.255588
147.0,30,85.28967
163.0,30,85.358763
171.0,30,85.387671
192.0,30,85.41299
187.0,30,85.439994
179.0,30,85.477431
182.0,30,85.513319
192.0,30,85.541764
150.0,30,85.574282
150.0,30,85.609779
171.0,30,85.642557
147.0,30,85.671758
163.0,30,85.705774
179.0,30,85.746059
179.0,30,85.778498
171.0,30,85.80654
147.0,30,85.837631
147.0,30,85.877903
179.0,30,85.9129
192.0,30,85.943977
179.0,30,85.972905
166.0,30,86.008632
171.0,30,86.04072
139.0,30,86.069083
187.0,30,86.10373
179.0,30,86.145262
179.0,30,86.180858
64.0,6,86.185799
179.0,30,86.219048
171.0,30,86.255364
174.0,30,86.286792
182.0,30,86.316538
192.0,30,86.349545
192.0,30,86.388017
192.0,30,86.419084
187.0,30,86.447871
179.0,30,86.484812
179.0,30,86.5261
192.0,30,86.558446
166.0,30,86.589742
187.0,30,86.621181
139.0,30,86.658863
179.0,30,86.692332
94.0,8,86.701471
179.0,30,86.730665
174.0,30,86.774073
179.0,30,86.805644
192.0,30,86.838437
174.0,30,86.875283
221.0,29,86.914529
192.0,30,86.94889
171.0,30,86.981939
163.0,30,87.016184
179.0,30,87.06202
139.0,30,87.093955
192.0,30,87.123611
129.0,13,87.139207
187.0,30,87.17771
147.0,30,87.213135
134.0,16,87.230272
139.0,30,87.25821
139.0,30,87.294385
171.0,30,87.324885
187.0,30,87.355834
179.0,30,87.382674
171.0,30,87.422652
139.0,30,87.455761
163.0,30,87.502366
171.0,30,87.539648
166.0,30,87.579514
73.0,5,87.585861
179.0,30,87.623618
155.0,30,87.656232
179.0,30,87.695433
179.0,30,87.722591
192.0,30,87.753189
185.0,26,87.776793
179.0,30,87.817304
171.0,30,87.852921
179.0,30,87.89085
134.0,30,87.924591
171.0,30,87.965701
179.0,30,87.99468
179.0,30,88.027317
192.0,30,88.058074
155.0,30,88.100162
139.0,30,88.129348
209.0,26,88.155236
187.0,30,88.188695
171.0,30,88.233835
192.0,30,88.266888
187.0,30,88.30294
174.0,30,88.337412
139.0,30,88.37722
187.0,30,88.407709
142.0,30,88.440752
147.0,30,88.474625
187.0,30,88.523944
179.0,30,88.553103
102.0,16,88.569528
171.0,30,88.601857
139.0,30,88.637084
192.0,30,88.668149
171.0,30,88.696534
187.0,30,88.723691
179.0,30,88.760266
179.0,30,88.805286
182.0,30,88.8461
187.0,30,88.89031
139.0,30,88.952866
179.0,30,89.003245
179.0,30,89.04646
-48.0,30,89.088633
163.0,30,89.136916
171.0,30,89.174875
187.0,30,89.208527
163.0,30,89.244234
187.0,30,89.282284
179.0,30,89.317295
179.0,30,89.347384
187.0,30,89.381469
163.0,30,89.416769
192.0,30,89.452139
187.0,30,89.484308
163.0,30,89.521546
179.0,30,89.556859
147.0,30,89.589242
192.0,30,89.621436
192.0,30,89.657267
187.0,30,89.695017
187.0,30,89.732285
179.0,30,89.764619
192.0,30,89.795416
179.0,30,89.838236
192.0,30,89.873828
169.0,30,89.904782
182.0,30,89.939021
187.0,30,89.975452
155.0,30,90.009379
171.0,30,90.041423
71.0,4,90.045663
182.0,30,90.08421
187.0,30,90.11233
171.0,30,90.142944
102.0,30,90.170346
171.0,30,90.208539
131.0,30,90.236054
179.0,30,90.269678
142.0,16,90.28669
143.0,15,90.308818
187.0,30,90.344221
179.0,30,90.375263
179.0,30,90.409642
171.0,30,90.448236
147.0,30,90.478864
171.0,30,90.511673
163.0,30,90.544704
213.0,29,90.585382
119.0,15,90.602007
192.0,30,90.633319
174.0,30,90.666787
139.0,30,90.704401
92.0,7,90.713297
101.0,9,90.72155
182.0,30,90.752974
171.0,30,90.786633
192.0,30,90.821351
179.0,30,90.854116
171.0,30,90.88817
192.0,30,90.923155
171.0,30,90.959581
171.0,30,90.991166
171.0,30,91.022161
171.0,30,91.057849
80.0,6,91.066074
187.0,30,91.09747
187.0,30,91.132014
187.0,30,91.171834
187.0,30,91.208106
174.0,30,91.235489
171.0,30,91.264869
171.0,30,91.305152
114.0,12,91.318732
199.0,23,91.343663
134.0,30,91.378311
163.0,30,91.425668
176.0,19,91.44977
182.0,30,91.479482
192.0,30,91.516101
187.0,30,91.553386
166.0,30,91.587748
179.0,30,91.620155
192.0,30,91.659409
139.0,30,91.71127
187.0,30,91.756647
192.0,30,91.786988
192.0,30,91.819867
179.0,30,91.859731
99.0,8,91.869652
192.0,30,91.905508
131.0,30,91.936555
187.0,30,91.977588
179.0,30,92.009113
187.0,30,92.040583
179.0,30,92.071356
92.0,10,92.08826
163.0,30,92.116187
179.0,30,92.146519
187.0,30,92.174291
147.0,30,92.225544
192.0,30,92.25909
192.0,30,92.300144
171.0,30,92.334758
147.0,30,92.375058
171.0,30,92.406755
179.0,30,92.44006
137.0,30,92.476085
155.0,30,92.522255
171.0,30,92.561111
155.0,30,92.601266
187.0,30,92.636986
187.0,30,92.684397
179.0,30,92.716239
171.0,30,92.751074
173.0,27,92.78488
192.0,30,92.828596
182.0,30,92.864667
179.0,30,92.895292
192.0,30,92.931503
179.0,30,92.972184
57.0,5,92.97688
150.0,30,93.010197
187.0,30,93.038713
179.0,30,93.073527
174.0,30,93.100566
179.0,30,93.128558
139.0,30,93.153462
192.0,30,93.190553
192.0,30,93.216103
192.0,30,93.249014
192.0,30,93.276023
110.0,16,93.297362
174.0,30,93.330505
180.0,28,93.359293
192.0,30,93.389734
147.0,30,93.42987
187.0,30,93.459063
179.0,30,93.493515
166.0,30,93.529634
192.0,30,93.572265
147.0,30,93.64049
56.0,6,93.651006
179.0,30,93.697263
171.0,30,93.773213
155.0,30,93.831857
75.0,11,93.859508
125.0,17,93.92263
155.0,30,93.981364
192.0,25,94.031736
120.0,14,94.050169
187.0,30,94.082139
171.0,30,94.123039
182.0,30,94.153475
179.0,30,94.188092
187.0,30,94.220393
163.0,30,94.264229
187.0,30,94.297296
179.0,30,94.336692
171.0,30,94.368948
192.0,30,94.411115
192.0,30,94.43985
179.0,30,94.473279
163.0,30,94.510622
147.0,30,94.563663
192.0,30,94.597637
139.0,30,94.636525
139.0,30,94.669376
171.0,30,94.709463
192.0,30,94.74163
179.0,30,94.776689
139.0,30,94.80769
179.0,30,94.847451
179.0,30,94.876421
179.0,30,94.90566
92.0,10,94.913977
171.0,30,94.953971
35.0,30,94.986219
101.0,9,94.995074
171.0,30,95.029299
192.0,30,95.07011
170.0,20,95.093466
187.0,30,95.127016
163.0,30,95.158361
191.0,23,95.189527
155.0,30,95.223675
187.0,30,95.25457
150.0,30,95.287137
177.0,21,95.315831
171.0,30,95.348217
166.0,30,95.384404
187.0,30,95.41848
192.0,30,95.459718
192.0,30,95.491869
179.0,30,95.528372
163.0,30,95.56413
187.0,30,95.600909
238.0,30,95.671696
85.0,9,95.701459
179.0,30,95.767484
192.0,30,95.831671
192.0,30,95.951976
179.0,30,95.995579
179.0,30,96.072658
156.0,18,96.099917
179.0,30,96.131376
187.0,30,96.166159
179.0,30,96.199133
187.0,30,96.241787
171.0,30,96.285596
187.0,30,96.328297
171.0,30,96.362611
187.0,30,96.408144
187.0,30,96.451777
179.0,30,96.494908
174.0,30,96.531092
57.0,2,96.539315
187.0,30,96.582959
192.0,30,96.624909
192.0,30,96.654392
171.0,30,96.702196
179.0,30,96.751267
155.0,30,96.784986
128.0,14,96.798686
179.0,30,96.83732
108.0,10,96.84648
179.0,30,96.879855
187.0,30,96.90968
171.0,30,96.950254
174.0,30,96.980974
192.0,30,97.015655
187.0,30,97.042851
174.0,30,97.083027
179.0,30,97.116184
187.0,30,97.154369
187.0,30,97.186343
169.0,26,97.223862
187.0,30,97.256165
163.0,30,97.292208
179.0,30,97.324065
187.0,30,97.364874
85.0,9,97.373644
139.0,30,97.410606
171.0,30,97.447288
179.0,30,97.48324
147.0,30,97.519198
174.0,30,97.555676
171.0,30,97.593473
147.0,30,97.636006
171.0,30,97.671754
192.0,30,97.70173
134.0,30,97.735505
179.0,30,97.774645
171.0,30,97.806506
155.0,30,97.837075
205.0,29,97.869708
171.0,30,97.914819
174.0,30,97.951468
86.0,8,97.959277
192.0,30,97.992926
179.0,30,98.037491
179.0,30,98.071811
179.0,30,98.112651
187.0,30,98.145843
147.0,30,98.184407
179.0,30,98.215991
174.0,30,98.250955
179.0,30,98.283522
187.0,30,98.326426
171.0,30,98.359021
182.0,30,98.393637
179.0,30,98.421074
192.0,30,98.462805
192.0,30,98.495729
169.0,18,98.51713
125.0,17,98.535736
179.0,30,98.576947
187.0,30,98.613089
171.0,30,98.644629
174.0,30,98.677912
192.0,22,98.705327
147.0,30,98.741874
187.0,30,98.774129
179.0,30,98.809746
187.0,30,98.849672
184.0,22,98.874331
192.0,30,98.902841
73.0,5,98.90959
179.0,30,98.945479
187.0,30,98.977109
171.0,30,99.01276
192.0,30,99.045696
192.0,30,99.082901
187.0,30,99.116425
171.0,30,99.155849
147.0,30,99.189948
99.0,11,99.204584
187.0,30,99.242781
111.0,15,99.260618
155.0,30,99.291444
100.0,10,99.311347
187.0,30,99.346283
174.0,30,99.377558
155.0,30,99.406151
171.0,30,99.44741
209.0,26,99.473033
192.0,30,99.506502
99.0,8,99.515476
187.0,30,99.563584
120.0,14,99.579592
179.0,30,99.614068
162.0,20,99.635308
179.0,30,99.677472
179.0,30,99.709655
171.0,30,99.745118
192.0,30,99.774124
192.0,30,99.812595
171.0,30,99.844412
163.0,30,99.876626
171.0,30,99.913576
83.0,30,99.955365
179.0,30,99.987282
179.0,30,100.017828
187.0,30,100.051518
179.0,30,100.088913
163.0,30,100.123728
187.0,30,100.159068
179.0,30,100.200943
179.0,30,100.243315
163.0,30,100.280036
179.0,30,100.315648
192.0,30,100.349232
171.0,30,100.388952
171.0,30,100.419776
139.0,30,100.450488
187.0,30,100.478318
179.0,30,100.518555
163.0,30,100.555133
174.0,30,100.591196
120.0,11,100.601531
192.0,30,100.644873
171.0,30,100.676322
171.0,30,100.710747
163.0,30,100.743877
192.0,30,100.788347
166.0,30,100.826768
192.0,30,100.861929
186.0,23,100.88611
179.0,30,100.922442
179.0,30,100.956812
171.0,30,100.985282
166.0,30,101.018134
163.0,30,101.059271
163.0,30,101.094034
171.0,30,101.124874
187.0,30,101.161053
179.0,30,101.200931
171.0,30,101.239568
179.0,30,101.271037
147.0,30,101.307448
187.0,30,101.347574
155.0,30,101.383362
174.0,30,101.413759
171.0,30,101.448108
187.0,30,101.483846
163.0,30,101.519495
171.0,30,101.703633
177.0,21,101.737079
179.0,30,101.829481
174.0,30,101.894365
147.0,30,101.951565
192.0,30,101.984364
187.0,30,102.022019
148.0,30,102.05305
179.0,30,102.084102
171.0,30,102.114825
192.0,30,102.152056
139.0,30,102.180725
171.0,30,102.212206
233.0,30,102.241931
171.0,30,102.282397
179.0,30,102.313085
192.0,30,102.345692
171.0,30,102.379469
187.0,30,102.418294
171.0,30,102.44546
171.0,30,102.4727
174.0,30,102.497685
192.0,30,102.541617
179.0,30,102.573218
187.0,30,102.603592
192.0,30,102.62941
192.0,30,102.666941
192.0,30,102.699102
199.0,23,102.724146
139.0,30,102.758495
171.0,30,102.803075
187.0,30,102.840589
179.0,30,102.875546
158.0,30,102.908437
179.0,30,102.946443
187.0,30,102.978605
139.0,30,103.007939
187.0,30,103.036241
192.0,30,103.073183
163.0,30,103.10958
179.0,30,103.143409
179.0,30,103.18116
187.0,30,103.224451
187.0,30,103.262099
187.0,30,103.290914
163.0,30,103.321317
187.0,30,103.359896
187.0,30,103.392579
110.0,11,103.401314
179.0,30,103.433247
163.0,30,103.473601
150.0,30,103.506766
179.0,30,103.536413
229.0,29,103.577314
174.0,30,103.620503
192.0,30,103.655633
148.0,15,103.6691
182.0,30,103.702369
192.0,30,103.739438
185.0,21,103.762799
197.0,29,103.794342
171.0,30,103.82511
174.0,30,103.869197
220.0,30,103.902126
139.0,30,103.936676
171.0,30,103.968408
163.0,30,104.010887
179.0,30,104.043645
187.0,30,104.07863
155.0,30,104.11147
126.0,30,104.151434
179.0,30,104.178306
171.0,30,104.216498
141.0,14,104.228873
187.0,30,104.268532
155.0,30,104.298781
187.0,30,104.329514
171.0,30,104.362707
192.0,30,104.404236
192.0,30,104.43858
179.0,30,104.472869
187.0,30,104.506866
152.0,22,104.542993
192.0,30,104.579527
171.0,30,104.618027
163.0,30,104.654541
171.0,30,104.696976
179.0,30,104.729435
182.0,30,104.763433
187.0,30,104.795206
147.0,30,104.837797
162.0,20,104.863627
179.0,30,104.897
179.0,30,104.931513
192.0,30,104.969884
187.0,30,105.003524
142.0,30,105.038172
86.0,8,105.046577
166.0,30,105.087989
129.0,13,105.101734
187.0,30,105.137931
166.0,30,105.176562
63.0,7,105.188469
187.0,30,105.223531
147.0,30,105.256887
163.0,30,105.289253
171.0,30,105.331369
171.0,30,105.367088
155.0,30,105.402191
171.0,30,105.434504
171.0,30,105.474182
129.0,30,105.507711
179.0,30,105.544864
182.0,30,105.579298
187.0,30,105.621291
187.0,30,105.650708
99.0,11,105.661916
169.0,30,105.690304
179.0,30,105.728965
179.0,30,105.767657
155.0,30,105.800697
187.0,30,105.834294
226.0,27,105.861188
192.0,30,105.892737
179.0,30,105.923195
139.0,30,105.956314
187.0,30,105.994737
174.0,30,106.027898
187.0,30,106.059407
179.0,30,106.092447
140.0,18,106.114192
171.0,30,106.149352
171.0,30,106.179932
187.0,30,106.214734
171.0,30,106.251478
179.0,30,106.287281
187.0,30,106.321338
187.0,30,106.357914
166.0,30,106.394222
192.0,30,106.431477
139.0,30,106.463488
192.0,30,106.494673
166.0,30,106.531165
166.0,30,106.568221
179.0,30,106.600222
192.0,30,106.63435
179.0,30,106.672417
171.0,30,106.70577
192.0,30,106.736488
163.0,30,106.769658
192.0,30,106.809411
187.0,30,106.842965
171.0,30,106.874848
199.0,23,106.900513
134.0,30,106.941289
82.0,12,106.955123
147.0,30,106.986448
174.0,30,107.016708
171.0,30,107.053575
192.0,30,107.083256
162.0,20,107.104266
171.0,30,107.134204
238.0,30,107.170401
192.0,30,107.202196
91.0,11,107.215011
171.0,30,107.244029
179.0,30,107.284646
179.0,30,107.316275
192.0,30,107.35071
187.0,30,107.382061
179.0,30,107.421937
171.0,30,107.453414
